1,peer_8,2023-08-01,08:51:40,1
2,peer_1,2023-08-01,09:09:36,1
3,peer_6,2023-08-01,09:26:00,1
4,peer_7,2023-08-01,09:29:13,1
5,peer_3,2023-08-01,10:07:26,1
6,peer_9,2023-08-01,10:48:37,1
7,peer_4,2023-08-01,11:02:48,1
8,peer_2,2023-08-01,11:09:54,1
9,peer_5,2023-08-01,11:15:09,1
10,peer_11,2023-08-01,12:10:11,1
11,peer_8,2023-08-01,13:18:55,2
12,peer_8,2023-08-01,13:39:06,1
13,peer_10,2023-08-01,14:00:44,1
14,peer_4,2023-08-01,14:29:33,2
15,peer_9,2023-08-01,14:38:22,2
16,peer_5,2023-08-01,14:41:17,2
17,peer_5,2023-08-01,14:47:51,1
18,peer_9,2023-08-01,14:49:29,1
19,peer_4,2023-08-01,14:56:40,1
20,peer_1,2023-08-01,15:16:06,2
21,peer_1,2023-08-01,15:24:22,1
22,peer_11,2023-08-01,16:41:51,2
23,peer_11,2023-08-01,16:47:26,1
24,peer_10,2023-08-01,17:37:26,2
25,peer_10,2023-08-01,17:45:02,1
26,peer_8,2023-08-01,18:08:30,2
27,peer_5,2023-08-01,18:08:35,2
28,peer_8,2023-08-01,18:18:19,1
29,peer_4,2023-08-01,18:21:22,2
30,peer_5,2023-08-01,18:33:14,1
31,peer_9,2023-08-01,18:37:50,2
32,peer_4,2023-08-01,18:44:56,1
33,peer_9,2023-08-01,18:54:39,1
34,peer_3,2023-08-01,21:09:50,2
35,peer_2,2023-08-01,21:14:38,2
36,peer_10,2023-08-01,21:19:12,2
37,peer_11,2023-08-01,21:22:38,2
38,peer_6,2023-08-01,21:28:18,2
39,peer_1,2023-08-01,21:29:54,2
40,peer_7,2023-08-01,21:33:54,2
41,peer_5,2023-08-01,21:58:10,2
42,peer_4,2023-08-01,22:08:00,2
43,peer_9,2023-08-01,22:40:15,2
44,peer_8,2023-08-01,22:46:30,2
45,peer_7,2023-08-02,08:42:02,1
46,peer_8,2023-08-02,09:33:41,1
47,peer_3,2023-08-02,10:25:40,1
48,peer_2,2023-08-02,10:49:25,1
49,peer_10,2023-08-02,12:27:08,1
50,peer_5,2023-08-02,12:40:37,1
51,peer_7,2023-08-02,13:10:42,2
52,peer_7,2023-08-02,13:19:43,1
53,peer_12,2023-08-02,13:23:35,1
54,peer_8,2023-08-02,13:36:27,2
55,peer_8,2023-08-02,13:46:26,1
56,peer_11,2023-08-02,14:13:18,1
57,peer_6,2023-08-02,14:42:54,1
58,peer_9,2023-08-02,14:52:02,1
59,peer_3,2023-08-02,16:00:44,2
60,peer_12,2023-08-02,16:10:39,2
61,peer_3,2023-08-02,16:17:04,1
62,peer_12,2023-08-02,16:40:54,1
63,peer_5,2023-08-02,17:11:29,2
64,peer_5,2023-08-02,17:22:57,1
65,peer_11,2023-08-02,17:48:13,2
66,peer_7,2023-08-02,17:49:15,2
67,peer_8,2023-08-02,17:49:31,2
68,peer_8,2023-08-02,17:56:16,1
69,peer_7,2023-08-02,18:03:31,1
70,peer_6,2023-08-02,18:15:00,2
71,peer_11,2023-08-02,18:22:00,1
72,peer_6,2023-08-02,18:33:53,1
73,peer_12,2023-08-02,19:25:58,2
74,peer_12,2023-08-02,19:43:05,1
75,peer_10,2023-08-02,21:34:22,2
76,peer_11,2023-08-02,21:53:14,2
77,peer_3,2023-08-02,21:54:02,2
78,peer_5,2023-08-02,21:55:32,2
79,peer_2,2023-08-02,21:58:26,2
80,peer_9,2023-08-02,22:01:58,2
81,peer_8,2023-08-02,22:04:28,2
82,peer_6,2023-08-02,22:05:17,2
83,peer_12,2023-08-02,22:28:38,2
84,peer_7,2023-08-02,22:32:08,2
85,peer_8,2023-08-03,08:55:44,1
86,peer_4,2023-08-03,10:01:34,1
87,peer_1,2023-08-03,11:00:11,1
88,peer_9,2023-08-03,11:03:19,1
89,peer_11,2023-08-03,11:08:43,1
90,peer_5,2023-08-03,11:12:23,1
91,peer_6,2023-08-03,11:23:26,1
92,peer_10,2023-08-03,11:48:21,1
93,peer_8,2023-08-03,13:22:06,2
94,peer_12,2023-08-03,13:28:26,1
95,peer_3,2023-08-03,13:32:16,1
96,peer_8,2023-08-03,13:43:58,1
97,peer_1,2023-08-03,14:23:54,2
98,peer_1,2023-08-03,14:29:39,1
99,peer_9,2023-08-03,14:31:20,2
100,peer_5,2023-08-03,14:35:07,2
101,peer_9,2023-08-03,14:53:20,1
102,peer_5,2023-08-03,14:58:29,1
103,peer_11,2023-08-03,16:14:38,2
104,peer_11,2023-08-03,16:40:10,1
105,peer_10,2023-08-03,16:54:14,2
106,peer_10,2023-08-03,17:26:47,1
107,peer_1,2023-08-03,17:56:32,2
108,peer_8,2023-08-03,18:05:17,2
109,peer_1,2023-08-03,18:12:24,1
110,peer_8,2023-08-03,18:17:01,1
111,peer_9,2023-08-03,18:21:48,2
112,peer_5,2023-08-03,18:28:07,2
113,peer_5,2023-08-03,18:38:04,1
114,peer_9,2023-08-03,18:38:23,1
115,peer_4,2023-08-03,21:01:54,2
116,peer_12,2023-08-03,21:30:44,2
117,peer_6,2023-08-03,21:31:03,2
118,peer_3,2023-08-03,21:32:53,2
119,peer_1,2023-08-03,21:33:13,2
120,peer_11,2023-08-03,21:43:54,2
121,peer_9,2023-08-03,22:00:50,2
122,peer_5,2023-08-03,22:01:00,2
123,peer_10,2023-08-03,22:34:15,2
124,peer_8,2023-08-03,22:46:08,2
125,peer_12,2023-08-04,09:22:35,1
126,peer_11,2023-08-04,10:46:13,1
127,peer_5,2023-08-04,11:26:11,1
128,peer_9,2023-08-04,11:30:15,1
129,peer_6,2023-08-04,11:57:57,1
130,peer_2,2023-08-04,12:44:18,1
131,peer_4,2023-08-04,13:34:18,1
132,peer_12,2023-08-04,15:28:21,2
133,peer_12,2023-08-04,15:57:33,1
134,peer_11,2023-08-04,16:25:27,2
135,peer_9,2023-08-04,16:34:48,2
136,peer_11,2023-08-04,16:39:23,1
137,peer_6,2023-08-04,17:06:03,2
138,peer_9,2023-08-04,17:08:13,1
139,peer_6,2023-08-04,17:25:49,1
140,peer_5,2023-08-04,21:31:06,2
141,peer_4,2023-08-04,21:42:44,2
142,peer_2,2023-08-04,21:49:14,2
143,peer_12,2023-08-04,21:59:52,2
144,peer_9,2023-08-04,22:08:22,2
145,peer_11,2023-08-04,22:13:00,2
146,peer_6,2023-08-04,22:34:14,2
147,peer_1,2023-08-05,08:46:30,1
148,peer_12,2023-08-05,09:13:53,1
149,peer_11,2023-08-05,09:53:32,1
150,peer_3,2023-08-05,10:10:00,1
151,peer_7,2023-08-05,10:13:45,1
152,peer_10,2023-08-05,10:14:49,1
153,peer_2,2023-08-05,11:05:31,1
154,peer_8,2023-08-05,12:04:57,1
155,peer_9,2023-08-05,13:09:09,1
156,peer_4,2023-08-05,13:47:03,1
157,peer_1,2023-08-05,15:17:33,2
158,peer_12,2023-08-05,15:23:39,2
159,peer_1,2023-08-05,15:38:42,1
160,peer_3,2023-08-05,15:44:53,2
161,peer_12,2023-08-05,15:45:08,1
162,peer_10,2023-08-05,15:47:44,2
163,peer_9,2023-08-05,15:56:19,2
164,peer_9,2023-08-05,16:03:54,1
165,peer_3,2023-08-05,16:09:48,1
166,peer_10,2023-08-05,16:11:50,1
167,peer_2,2023-08-05,16:12:29,2
168,peer_2,2023-08-05,16:43:38,1
169,peer_9,2023-08-05,18:51:14,2
170,peer_9,2023-08-05,19:08:25,1
171,peer_8,2023-08-05,21:08:57,2
172,peer_7,2023-08-05,21:18:11,2
173,peer_12,2023-08-05,21:45:12,2
174,peer_10,2023-08-05,21:45:29,2
175,peer_3,2023-08-05,21:48:40,2
176,peer_2,2023-08-05,21:49:54,2
177,peer_4,2023-08-05,21:49:57,2
178,peer_11,2023-08-05,21:54:55,2
179,peer_9,2023-08-05,21:56:03,2
180,peer_1,2023-08-05,22:10:44,2
181,peer_12,2023-08-06,08:10:46,1
182,peer_7,2023-08-06,10:02:49,1
183,peer_4,2023-08-06,10:05:51,1
184,peer_9,2023-08-06,11:34:58,1
185,peer_8,2023-08-06,11:53:04,1
186,peer_11,2023-08-06,12:26:22,1
187,peer_1,2023-08-06,14:34:11,1
188,peer_2,2023-08-06,14:40:10,1
189,peer_12,2023-08-06,14:47:16,2
190,peer_9,2023-08-06,15:02:16,2
191,peer_9,2023-08-06,15:10:44,1
192,peer_12,2023-08-06,15:21:44,1
193,peer_7,2023-08-06,15:34:12,2
194,peer_4,2023-08-06,15:43:27,2
195,peer_7,2023-08-06,16:07:49,1
196,peer_4,2023-08-06,16:14:39,1
197,peer_1,2023-08-06,16:59:39,2
198,peer_8,2023-08-06,17:00:30,2
199,peer_8,2023-08-06,17:06:08,1
200,peer_1,2023-08-06,17:18:25,1
201,peer_2,2023-08-06,18:14:27,2
202,peer_2,2023-08-06,18:23:36,1
203,peer_9,2023-08-06,18:38:50,2
204,peer_9,2023-08-06,19:12:56,1
205,peer_1,2023-08-06,19:39:16,2
206,peer_1,2023-08-06,19:49:31,1
207,peer_11,2023-08-06,21:34:53,2
208,peer_7,2023-08-06,21:43:40,2
209,peer_4,2023-08-06,21:46:39,2
210,peer_2,2023-08-06,21:58:30,2
211,peer_12,2023-08-06,22:00:01,2
212,peer_1,2023-08-06,22:11:18,2
213,peer_8,2023-08-06,22:13:46,2
214,peer_9,2023-08-06,22:35:04,2
215,peer_6,2023-08-07,08:59:07,1
216,peer_2,2023-08-07,09:28:44,1
217,peer_3,2023-08-07,09:46:25,1
218,peer_12,2023-08-07,10:54:24,1
219,peer_10,2023-08-07,11:15:34,1
220,peer_7,2023-08-07,11:24:03,1
221,peer_5,2023-08-07,11:51:21,1
222,peer_2,2023-08-07,13:37:43,2
223,peer_8,2023-08-07,13:40:39,1
224,peer_2,2023-08-07,13:44:27,1
225,peer_11,2023-08-07,14:09:13,1
226,peer_9,2023-08-07,14:19:19,1
227,peer_1,2023-08-07,14:37:15,1
228,peer_5,2023-08-07,15:13:28,2
229,peer_6,2023-08-07,15:29:54,2
230,peer_5,2023-08-07,15:46:27,1
231,peer_3,2023-08-07,15:48:09,2
232,peer_6,2023-08-07,15:56:22,1
233,peer_3,2023-08-07,16:04:00,1
234,peer_12,2023-08-07,16:30:43,2
235,peer_7,2023-08-07,16:33:15,2
236,peer_12,2023-08-07,16:44:36,1
237,peer_7,2023-08-07,16:50:38,1
238,peer_2,2023-08-07,17:48:57,2
239,peer_2,2023-08-07,17:54:37,1
240,peer_5,2023-08-07,19:07:45,2
241,peer_5,2023-08-07,19:41:04,1
242,peer_11,2023-08-07,21:14:17,2
243,peer_10,2023-08-07,21:23:17,2
244,peer_9,2023-08-07,21:25:16,2
245,peer_1,2023-08-07,21:41:43,2
246,peer_8,2023-08-07,21:49:23,2
247,peer_7,2023-08-07,21:52:47,2
248,peer_2,2023-08-07,21:59:01,2
249,peer_3,2023-08-07,22:10:32,2
250,peer_12,2023-08-07,22:18:14,2
251,peer_6,2023-08-07,22:33:12,2
252,peer_5,2023-08-07,23:08:03,2
253,peer_10,2023-08-08,08:46:36,1
254,peer_6,2023-08-08,09:55:59,1
255,peer_3,2023-08-08,10:35:20,1
256,peer_8,2023-08-08,11:36:22,1
257,peer_9,2023-08-08,13:16:43,1
258,peer_4,2023-08-08,14:15:40,1
259,peer_7,2023-08-08,14:30:46,1
260,peer_5,2023-08-08,14:58:07,1
261,peer_11,2023-08-08,14:58:57,1
262,peer_10,2023-08-08,15:21:02,2
263,peer_10,2023-08-08,15:33:53,1
264,peer_3,2023-08-08,16:05:50,2
265,peer_3,2023-08-08,16:14:45,1
266,peer_5,2023-08-08,17:23:22,2
267,peer_5,2023-08-08,17:44:23,1
268,peer_4,2023-08-08,17:45:46,2
269,peer_7,2023-08-08,18:06:08,2
270,peer_4,2023-08-08,18:08:09,1
271,peer_7,2023-08-08,18:15:05,1
272,peer_11,2023-08-08,18:35:06,2
273,peer_11,2023-08-08,19:01:31,1
274,peer_5,2023-08-08,20:12:31,2
275,peer_5,2023-08-08,20:19:58,1
276,peer_9,2023-08-08,21:23:24,2
277,peer_4,2023-08-08,21:41:21,2
278,peer_8,2023-08-08,21:41:23,2
279,peer_3,2023-08-08,21:45:08,2
280,peer_7,2023-08-08,21:46:13,2
281,peer_6,2023-08-08,22:04:48,2
282,peer_10,2023-08-08,22:12:09,2
283,peer_11,2023-08-08,22:39:04,2
284,peer_5,2023-08-08,22:44:54,2
285,peer_2,2023-08-09,08:44:55,1
286,peer_4,2023-08-09,09:05:10,1
287,peer_5,2023-08-09,09:19:06,1
288,peer_10,2023-08-09,09:54:22,1
289,peer_6,2023-08-09,10:07:38,1
290,peer_1,2023-08-09,10:42:01,1
291,peer_8,2023-08-09,12:26:01,1
292,peer_7,2023-08-09,14:02:46,1
293,peer_11,2023-08-09,14:19:39,1
294,peer_12,2023-08-09,14:52:02,1
295,peer_2,2023-08-09,15:16:52,2
296,peer_2,2023-08-09,15:50:58,1
297,peer_11,2023-08-09,16:48:05,2
298,peer_12,2023-08-09,17:12:17,2
299,peer_11,2023-08-09,17:17:11,1
300,peer_12,2023-08-09,17:34:49,1
301,peer_11,2023-08-09,19:39:57,2
302,peer_12,2023-08-09,19:55:35,2
303,peer_11,2023-08-09,20:06:14,1
304,peer_12,2023-08-09,20:22:16,1
305,peer_4,2023-08-09,21:05:13,2
306,peer_7,2023-08-09,21:06:28,2
307,peer_6,2023-08-09,21:09:23,2
308,peer_5,2023-08-09,21:24:46,2
309,peer_8,2023-08-09,21:26:19,2
310,peer_1,2023-08-09,21:43:31,2
311,peer_10,2023-08-09,22:00:12,2
312,peer_2,2023-08-09,22:24:57,2
313,peer_11,2023-08-09,22:36:05,2
314,peer_12,2023-08-09,22:42:36,2
315,peer_4,2023-08-10,08:44:48,1
316,peer_6,2023-08-10,10:38:50,1
317,peer_5,2023-08-10,11:14:33,1
318,peer_2,2023-08-10,11:24:03,1
319,peer_10,2023-08-10,12:26:03,1
320,peer_1,2023-08-10,12:59:06,1
321,peer_12,2023-08-10,12:59:15,1
322,peer_9,2023-08-10,13:08:37,1
323,peer_4,2023-08-10,13:13:35,2
324,peer_3,2023-08-10,13:21:08,1
325,peer_4,2023-08-10,13:37:18,1
326,peer_11,2023-08-10,13:39:13,1
327,peer_7,2023-08-10,14:00:38,1
328,peer_8,2023-08-10,14:47:05,1
329,peer_2,2023-08-10,14:52:27,2
330,peer_2,2023-08-10,15:12:45,1
331,peer_10,2023-08-10,15:27:05,2
332,peer_10,2023-08-10,15:52:32,1
333,peer_6,2023-08-10,16:14:58,2
334,peer_6,2023-08-10,16:49:39,1
335,peer_9,2023-08-10,17:13:46,2
336,peer_8,2023-08-10,17:15:06,2
337,peer_9,2023-08-10,17:26:59,1
338,peer_3,2023-08-10,17:29:52,2
339,peer_1,2023-08-10,17:30:41,2
340,peer_12,2023-08-10,17:32:15,2
341,peer_1,2023-08-10,17:39:08,1
342,peer_8,2023-08-10,17:42:40,1
343,peer_11,2023-08-10,17:46:37,2
344,peer_11,2023-08-10,17:56:35,1
345,peer_12,2023-08-10,18:00:55,1
346,peer_3,2023-08-10,18:03:21,1
347,peer_4,2023-08-10,18:07:11,2
348,peer_4,2023-08-10,18:27:24,1
349,peer_2,2023-08-10,18:37:44,2
350,peer_2,2023-08-10,18:54:07,1
351,peer_10,2023-08-10,18:56:15,2
352,peer_10,2023-08-10,19:14:36,1
353,peer_8,2023-08-10,20:12:04,2
354,peer_8,2023-08-10,20:43:37,1
355,peer_7,2023-08-10,21:03:26,2
356,peer_5,2023-08-10,21:16:08,2
357,peer_9,2023-08-10,21:31:24,2
358,peer_11,2023-08-10,21:57:33,2
359,peer_3,2023-08-10,22:09:25,2
360,peer_1,2023-08-10,22:12:21,2
361,peer_10,2023-08-10,22:18:41,2
362,peer_2,2023-08-10,22:19:23,2
363,peer_6,2023-08-10,22:23:56,2
364,peer_12,2023-08-10,22:40:12,2
365,peer_4,2023-08-10,22:54:40,2
366,peer_8,2023-08-10,23:08:56,2
367,peer_4,2023-08-11,08:03:21,1
368,peer_5,2023-08-11,08:12:18,1
369,peer_7,2023-08-11,08:30:22,1
370,peer_8,2023-08-11,08:45:15,1
371,peer_12,2023-08-11,10:06:55,1
372,peer_2,2023-08-11,10:39:20,1
373,peer_9,2023-08-11,11:30:11,1
374,peer_11,2023-08-11,12:57:30,1
375,peer_6,2023-08-11,13:58:46,1
376,peer_10,2023-08-11,14:39:16,1
377,peer_4,2023-08-11,14:42:03,2
378,peer_3,2023-08-11,14:44:06,1
379,peer_9,2023-08-11,14:52:12,2
380,peer_4,2023-08-11,15:01:44,1
381,peer_7,2023-08-11,15:05:33,2
382,peer_9,2023-08-11,15:20:31,1
383,peer_8,2023-08-11,15:24:54,2
384,peer_7,2023-08-11,15:29:03,1
385,peer_8,2023-08-11,15:58:11,1
386,peer_6,2023-08-11,16:42:46,2
387,peer_6,2023-08-11,16:52:12,1
388,peer_10,2023-08-11,17:04:07,2
389,peer_10,2023-08-11,17:29:40,1
390,peer_9,2023-08-11,18:44:06,2
391,peer_9,2023-08-11,18:54:20,1
392,peer_6,2023-08-11,19:36:04,2
393,peer_10,2023-08-11,19:59:16,2
394,peer_6,2023-08-11,20:04:18,1
395,peer_10,2023-08-11,20:04:19,1
396,peer_12,2023-08-11,21:08:20,2
397,peer_5,2023-08-11,21:17:29,2
398,peer_4,2023-08-11,21:36:36,2
399,peer_2,2023-08-11,21:43:29,2
400,peer_3,2023-08-11,21:47:31,2
401,peer_11,2023-08-11,21:59:59,2
402,peer_7,2023-08-11,22:01:41,2
403,peer_9,2023-08-11,22:14:33,2
404,peer_10,2023-08-11,22:27:37,2
405,peer_8,2023-08-11,22:38:11,2
406,peer_6,2023-08-11,22:52:01,2
407,peer_1,2023-08-12,08:00:42,1
408,peer_11,2023-08-12,09:10:19,1
409,peer_8,2023-08-12,09:10:40,1
410,peer_3,2023-08-12,10:58:38,1
411,peer_2,2023-08-12,12:04:05,1
412,peer_10,2023-08-12,12:34:54,1
413,peer_5,2023-08-12,12:42:48,1
414,peer_12,2023-08-12,13:12:28,1
415,peer_4,2023-08-12,13:14:39,1
416,peer_11,2023-08-12,13:18:53,2
417,peer_11,2023-08-12,13:43:05,1
418,peer_7,2023-08-12,14:23:33,1
419,peer_3,2023-08-12,14:42:11,2
420,peer_3,2023-08-12,15:08:25,1
421,peer_5,2023-08-12,15:42:53,2
422,peer_5,2023-08-12,16:16:17,1
423,peer_10,2023-08-12,17:06:58,2
424,peer_10,2023-08-12,17:12:48,1
425,peer_11,2023-08-12,17:47:05,2
426,peer_11,2023-08-12,18:07:40,1
427,peer_3,2023-08-12,18:55:26,2
428,peer_3,2023-08-12,19:19:40,1
429,peer_5,2023-08-12,19:25:40,2
430,peer_5,2023-08-12,19:31:02,1
431,peer_1,2023-08-12,21:05:28,2
432,peer_12,2023-08-12,21:12:33,2
433,peer_2,2023-08-12,21:13:03,2
434,peer_8,2023-08-12,21:17:20,2
435,peer_7,2023-08-12,21:24:20,2
436,peer_4,2023-08-12,21:24:30,2
437,peer_10,2023-08-12,21:45:51,2
438,peer_11,2023-08-12,22:17:37,2
439,peer_5,2023-08-12,22:36:28,2
440,peer_3,2023-08-12,23:03:27,2
441,peer_11,2023-08-13,08:56:28,1
442,peer_9,2023-08-13,09:35:04,1
443,peer_2,2023-08-13,10:03:39,1
444,peer_3,2023-08-13,10:53:08,1
445,peer_7,2023-08-13,11:23:12,1
446,peer_4,2023-08-13,11:55:44,1
447,peer_5,2023-08-13,13:02:48,1
448,peer_8,2023-08-13,14:25:07,1
449,peer_12,2023-08-13,14:33:34,1
450,peer_1,2023-08-13,14:41:32,1
451,peer_6,2023-08-13,14:47:48,1
452,peer_4,2023-08-13,15:21:25,2
453,peer_11,2023-08-13,15:26:46,2
454,peer_9,2023-08-13,15:36:41,2
455,peer_2,2023-08-13,15:41:58,2
456,peer_9,2023-08-13,15:42:46,1
457,peer_5,2023-08-13,15:51:31,2
458,peer_4,2023-08-13,15:55:37,1
459,peer_11,2023-08-13,15:59:27,1
460,peer_2,2023-08-13,16:05:53,1
461,peer_5,2023-08-13,16:13:20,1
462,peer_3,2023-08-13,16:26:03,2
463,peer_7,2023-08-13,16:31:04,2
464,peer_7,2023-08-13,16:51:00,1
465,peer_3,2023-08-13,16:51:55,1
466,peer_12,2023-08-13,18:03:45,2
467,peer_12,2023-08-13,18:35:13,1
468,peer_5,2023-08-13,19:00:06,2
469,peer_4,2023-08-13,19:16:30,2
470,peer_5,2023-08-13,19:23:59,1
471,peer_4,2023-08-13,19:39:31,1
472,peer_8,2023-08-13,21:29:14,2
473,peer_2,2023-08-13,21:40:03,2
474,peer_1,2023-08-13,21:42:18,2
475,peer_9,2023-08-13,21:46:48,2
476,peer_6,2023-08-13,21:47:56,2
477,peer_7,2023-08-13,21:51:09,2
478,peer_5,2023-08-13,22:08:52,2
479,peer_12,2023-08-13,22:11:19,2
480,peer_3,2023-08-13,22:23:18,2
481,peer_11,2023-08-13,22:34:17,2
482,peer_4,2023-08-13,23:08:37,2
483,peer_2,2023-08-14,08:00:19,1
484,peer_6,2023-08-14,08:24:34,1
485,peer_7,2023-08-14,08:53:54,1
486,peer_12,2023-08-14,09:28:57,1
487,peer_5,2023-08-14,09:47:45,1
488,peer_9,2023-08-14,11:24:40,1
489,peer_8,2023-08-14,11:47:32,1
490,peer_3,2023-08-14,11:56:37,1
491,peer_2,2023-08-14,12:20:25,2
492,peer_2,2023-08-14,12:28:02,1
493,peer_9,2023-08-14,14:50:39,2
494,peer_6,2023-08-14,15:01:42,2
495,peer_9,2023-08-14,15:13:56,1
496,peer_6,2023-08-14,15:16:41,1
497,peer_12,2023-08-14,15:35:40,2
498,peer_5,2023-08-14,15:54:12,2
499,peer_12,2023-08-14,15:55:41,1
500,peer_5,2023-08-14,16:26:45,1
501,peer_2,2023-08-14,16:53:38,2
502,peer_8,2023-08-14,16:56:31,2
503,peer_2,2023-08-14,17:09:09,1
504,peer_8,2023-08-14,17:27:32,1
505,peer_9,2023-08-14,18:35:58,2
506,peer_9,2023-08-14,19:03:11,1
507,peer_2,2023-08-14,21:31:36,2
508,peer_6,2023-08-14,21:54:17,2
509,peer_7,2023-08-14,21:56:05,2
510,peer_12,2023-08-14,22:01:34,2
511,peer_3,2023-08-14,22:03:30,2
512,peer_9,2023-08-14,22:23:58,2
513,peer_8,2023-08-14,22:28:12,2
514,peer_5,2023-08-14,22:32:39,2
515,peer_6,2023-08-15,08:14:59,1
516,peer_8,2023-08-15,08:52:37,1
517,peer_5,2023-08-15,09:37:04,1
518,peer_11,2023-08-15,10:16:53,1
519,peer_9,2023-08-15,10:40:44,1
520,peer_3,2023-08-15,10:53:40,1
521,peer_12,2023-08-15,11:27:19,1
522,peer_6,2023-08-15,12:41:28,2
523,peer_6,2023-08-15,13:15:20,1
524,peer_10,2023-08-15,13:20:34,1
525,peer_7,2023-08-15,13:34:01,1
526,peer_11,2023-08-15,13:59:29,2
527,peer_11,2023-08-15,14:24:27,1
528,peer_8,2023-08-15,15:22:50,2
529,peer_8,2023-08-15,15:49:08,1
530,peer_10,2023-08-15,16:10:26,2
531,peer_9,2023-08-15,16:17:00,2
532,peer_10,2023-08-15,16:23:26,1
533,peer_3,2023-08-15,16:31:36,2
534,peer_12,2023-08-15,16:37:16,2
535,peer_3,2023-08-15,16:46:22,1
536,peer_9,2023-08-15,16:49:05,1
537,peer_12,2023-08-15,17:07:01,1
538,peer_6,2023-08-15,17:43:41,2
539,peer_11,2023-08-15,18:13:12,2
540,peer_6,2023-08-15,18:18:13,1
541,peer_11,2023-08-15,18:42:11,1
542,peer_10,2023-08-15,19:10:00,2
543,peer_10,2023-08-15,19:17:46,1
544,peer_7,2023-08-15,21:38:27,2
545,peer_5,2023-08-15,21:44:06,2
546,peer_10,2023-08-15,22:02:41,2
547,peer_12,2023-08-15,22:11:12,2
548,peer_8,2023-08-15,22:22:59,2
549,peer_11,2023-08-15,22:24:16,2
550,peer_3,2023-08-15,22:26:02,2
551,peer_9,2023-08-15,22:26:14,2
552,peer_6,2023-08-15,22:40:14,2
553,peer_11,2023-08-16,08:04:16,1
554,peer_3,2023-08-16,08:04:39,1
555,peer_10,2023-08-16,08:14:24,1
556,peer_4,2023-08-16,09:07:28,1
557,peer_1,2023-08-16,09:10:42,1
558,peer_12,2023-08-16,09:38:23,1
559,peer_5,2023-08-16,10:13:26,1
560,peer_7,2023-08-16,11:23:33,1
561,peer_8,2023-08-16,11:56:57,1
562,peer_11,2023-08-16,12:25:04,2
563,peer_11,2023-08-16,12:43:13,1
564,peer_6,2023-08-16,13:18:11,1
565,peer_9,2023-08-16,13:39:15,1
566,peer_12,2023-08-16,13:40:24,2
567,peer_2,2023-08-16,13:49:51,1
568,peer_12,2023-08-16,14:15:20,1
569,peer_7,2023-08-16,14:48:54,2
570,peer_7,2023-08-16,15:03:56,1
571,peer_1,2023-08-16,15:17:20,2
572,peer_1,2023-08-16,15:24:07,1
573,peer_5,2023-08-16,15:48:36,2
574,peer_5,2023-08-16,16:19:52,1
575,peer_8,2023-08-16,17:02:33,2
576,peer_11,2023-08-16,17:12:10,2
577,peer_8,2023-08-16,17:15:28,1
578,peer_11,2023-08-16,17:37:18,1
579,peer_9,2023-08-16,17:39:25,2
580,peer_9,2023-08-16,18:06:21,1
581,peer_12,2023-08-16,18:19:51,2
582,peer_12,2023-08-16,18:27:12,1
583,peer_7,2023-08-16,18:30:34,2
584,peer_7,2023-08-16,18:43:04,1
585,peer_3,2023-08-16,21:05:59,2
586,peer_4,2023-08-16,21:10:50,2
587,peer_10,2023-08-16,21:17:21,2
588,peer_6,2023-08-16,21:19:15,2
589,peer_1,2023-08-16,21:26:52,2
590,peer_2,2023-08-16,21:50:12,2
591,peer_5,2023-08-16,21:52:56,2
592,peer_7,2023-08-16,22:05:49,2
593,peer_11,2023-08-16,22:06:44,2
594,peer_9,2023-08-16,22:15:17,2
595,peer_8,2023-08-16,22:23:56,2
596,peer_12,2023-08-16,22:31:33,2
597,peer_12,2023-08-17,08:22:56,1
598,peer_2,2023-08-17,09:07:27,1
599,peer_8,2023-08-17,09:26:25,1
600,peer_10,2023-08-17,09:56:48,1
601,peer_4,2023-08-17,10:58:56,1
602,peer_1,2023-08-17,11:29:49,1
603,peer_7,2023-08-17,11:45:25,1
604,peer_5,2023-08-17,11:56:56,1
605,peer_3,2023-08-17,11:57:55,1
606,peer_11,2023-08-17,13:15:33,1
607,peer_9,2023-08-17,14:00:54,1
608,peer_10,2023-08-17,14:06:12,2
609,peer_10,2023-08-17,14:23:07,1
610,peer_12,2023-08-17,14:57:28,2
611,peer_12,2023-08-17,15:31:26,1
612,peer_9,2023-08-17,16:30:20,2
613,peer_4,2023-08-17,16:31:46,2
614,peer_4,2023-08-17,16:44:06,1
615,peer_7,2023-08-17,16:48:35,2
616,peer_7,2023-08-17,16:53:39,1
617,peer_9,2023-08-17,17:01:28,1
618,peer_10,2023-08-17,18:28:12,2
619,peer_10,2023-08-17,18:57:41,1
620,peer_9,2023-08-17,19:28:28,2
621,peer_9,2023-08-17,19:40:27,1
622,peer_2,2023-08-17,21:14:36,2
623,peer_11,2023-08-17,21:20:31,2
624,peer_8,2023-08-17,21:31:57,2
625,peer_1,2023-08-17,21:32:17,2
626,peer_7,2023-08-17,22:00:45,2
627,peer_5,2023-08-17,22:01:32,2
628,peer_3,2023-08-17,22:02:17,2
629,peer_12,2023-08-17,22:03:55,2
630,peer_9,2023-08-17,22:06:11,2
631,peer_4,2023-08-17,22:14:20,2
632,peer_10,2023-08-17,23:02:24,2
633,peer_10,2023-08-18,08:30:25,1
634,peer_11,2023-08-18,09:03:52,1
635,peer_8,2023-08-18,09:49:02,1
636,peer_9,2023-08-18,09:56:42,1
637,peer_5,2023-08-18,10:19:34,1
638,peer_12,2023-08-18,12:35:24,1
639,peer_1,2023-08-18,12:39:48,1
640,peer_10,2023-08-18,12:50:30,2
641,peer_7,2023-08-18,13:03:54,1
642,peer_10,2023-08-18,13:07:03,1
643,peer_2,2023-08-18,13:23:56,1
644,peer_9,2023-08-18,14:02:48,2
645,peer_9,2023-08-18,14:22:31,1
646,peer_1,2023-08-18,15:43:32,2
647,peer_1,2023-08-18,15:50:26,1
648,peer_5,2023-08-18,15:53:11,2
649,peer_8,2023-08-18,15:54:01,2
650,peer_5,2023-08-18,16:09:05,1
651,peer_8,2023-08-18,16:14:05,1
652,peer_12,2023-08-18,17:08:41,2
653,peer_2,2023-08-18,17:29:28,2
654,peer_10,2023-08-18,17:32:18,2
655,peer_12,2023-08-18,17:43:19,1
656,peer_2,2023-08-18,17:47:10,1
657,peer_10,2023-08-18,17:54:41,1
658,peer_9,2023-08-18,18:25:26,2
659,peer_9,2023-08-18,18:34:00,1
660,peer_1,2023-08-18,18:51:40,2
661,peer_1,2023-08-18,19:13:34,1
662,peer_7,2023-08-18,21:05:30,2
663,peer_11,2023-08-18,21:06:00,2
664,peer_5,2023-08-18,21:43:17,2
665,peer_2,2023-08-18,21:54:30,2
666,peer_8,2023-08-18,22:14:33,2
667,peer_10,2023-08-18,22:20:02,2
668,peer_12,2023-08-18,22:22:51,2
669,peer_1,2023-08-18,22:23:26,2
670,peer_9,2023-08-18,22:38:04,2
671,peer_10,2023-08-19,08:27:59,1
672,peer_12,2023-08-19,08:30:34,1
673,peer_4,2023-08-19,11:04:24,1
674,peer_11,2023-08-19,12:52:05,1
675,peer_5,2023-08-19,13:01:40,1
676,peer_9,2023-08-19,13:37:20,1
677,peer_1,2023-08-19,14:09:09,1
678,peer_3,2023-08-19,14:24:07,1
679,peer_7,2023-08-19,14:52:07,1
680,peer_12,2023-08-19,15:01:12,2
681,peer_12,2023-08-19,15:30:16,1
682,peer_5,2023-08-19,15:44:51,2
683,peer_5,2023-08-19,15:50:42,1
684,peer_4,2023-08-19,16:09:26,2
685,peer_4,2023-08-19,16:35:38,1
686,peer_9,2023-08-19,17:43:38,2
687,peer_9,2023-08-19,18:03:07,1
688,peer_7,2023-08-19,18:23:30,2
689,peer_5,2023-08-19,18:33:41,2
690,peer_7,2023-08-19,18:45:46,1
691,peer_5,2023-08-19,18:57:38,1
692,peer_1,2023-08-19,21:14:41,2
693,peer_3,2023-08-19,21:28:06,2
694,peer_10,2023-08-19,21:30:14,2
695,peer_4,2023-08-19,21:41:29,2
696,peer_5,2023-08-19,21:43:32,2
697,peer_11,2023-08-19,21:58:08,2
698,peer_12,2023-08-19,22:08:18,2
699,peer_9,2023-08-19,22:11:35,2
700,peer_7,2023-08-19,22:16:53,2
701,peer_11,2023-08-20,08:51:29,1
702,peer_10,2023-08-20,08:54:46,1
703,peer_3,2023-08-20,09:15:10,1
704,peer_1,2023-08-20,09:51:24,1
705,peer_8,2023-08-20,10:04:14,1
706,peer_2,2023-08-20,10:21:45,1
707,peer_7,2023-08-20,11:51:22,1
708,peer_4,2023-08-20,12:43:44,1
709,peer_9,2023-08-20,12:48:24,1
710,peer_8,2023-08-20,13:51:39,2
711,peer_8,2023-08-20,14:08:51,1
712,peer_12,2023-08-20,14:35:55,1
713,peer_3,2023-08-20,15:19:42,2
714,peer_3,2023-08-20,15:27:13,1
715,peer_11,2023-08-20,15:29:15,2
716,peer_11,2023-08-20,15:38:45,1
717,peer_4,2023-08-20,15:48:46,2
718,peer_1,2023-08-20,16:01:09,2
719,peer_4,2023-08-20,16:07:45,1
720,peer_1,2023-08-20,16:36:07,1
721,peer_8,2023-08-20,17:55:31,2
722,peer_8,2023-08-20,18:06:00,1
723,peer_12,2023-08-20,18:10:42,2
724,peer_12,2023-08-20,18:38:57,1
725,peer_4,2023-08-20,19:11:10,2
726,peer_4,2023-08-20,19:34:15,1
727,peer_2,2023-08-20,21:31:44,2
728,peer_3,2023-08-20,21:32:42,2
729,peer_8,2023-08-20,21:48:01,2
730,peer_9,2023-08-20,21:49:29,2
731,peer_7,2023-08-20,21:56:54,2
732,peer_10,2023-08-20,22:03:23,2
733,peer_11,2023-08-20,22:15:08,2
734,peer_12,2023-08-20,22:18:06,2
735,peer_1,2023-08-20,22:38:00,2
736,peer_4,2023-08-20,22:43:07,2
737,peer_11,2023-08-21,09:26:09,1
738,peer_7,2023-08-21,09:35:13,1
739,peer_5,2023-08-21,09:37:00,1
740,peer_3,2023-08-21,09:37:39,1
741,peer_9,2023-08-21,09:59:45,1
742,peer_10,2023-08-21,10:38:09,1
743,peer_12,2023-08-21,11:13:03,1
744,peer_6,2023-08-21,12:21:15,1
745,peer_1,2023-08-21,12:21:58,1
746,peer_11,2023-08-21,13:31:54,2
747,peer_7,2023-08-21,13:35:21,2
748,peer_7,2023-08-21,13:43:39,1
749,peer_11,2023-08-21,13:50:21,1
750,peer_2,2023-08-21,14:24:29,1
751,peer_8,2023-08-21,14:55:09,1
752,peer_5,2023-08-21,15:41:48,2
753,peer_3,2023-08-21,15:45:48,2
754,peer_3,2023-08-21,16:00:08,1
755,peer_9,2023-08-21,16:01:59,2
756,peer_5,2023-08-21,16:05:04,1
757,peer_9,2023-08-21,16:17:29,1
758,peer_12,2023-08-21,16:22:04,2
759,peer_12,2023-08-21,16:37:24,1
760,peer_1,2023-08-21,16:55:55,2
761,peer_6,2023-08-21,17:00:09,2
762,peer_6,2023-08-21,17:13:57,1
763,peer_1,2023-08-21,17:23:13,1
764,peer_7,2023-08-21,17:52:19,2
765,peer_11,2023-08-21,17:56:52,2
766,peer_7,2023-08-21,18:02:41,1
767,peer_11,2023-08-21,18:07:55,1
768,peer_2,2023-08-21,21:30:32,2
769,peer_10,2023-08-21,21:45:01,2
770,peer_12,2023-08-21,21:46:44,2
771,peer_6,2023-08-21,21:50:08,2
772,peer_1,2023-08-21,21:57:43,2
773,peer_8,2023-08-21,22:00:23,2
774,peer_7,2023-08-21,22:04:08,2
775,peer_5,2023-08-21,22:09:27,2
776,peer_3,2023-08-21,22:09:53,2
777,peer_11,2023-08-21,22:16:08,2
778,peer_9,2023-08-21,22:21:15,2
779,peer_9,2023-08-22,08:16:12,1
780,peer_6,2023-08-22,09:07:51,1
781,peer_12,2023-08-22,11:06:07,1
782,peer_1,2023-08-22,11:19:46,1
783,peer_8,2023-08-22,11:20:33,1
784,peer_9,2023-08-22,12:36:14,2
785,peer_9,2023-08-22,12:57:44,1
786,peer_7,2023-08-22,13:43:45,1
787,peer_11,2023-08-22,14:31:27,1
788,peer_12,2023-08-22,14:32:17,2
789,peer_12,2023-08-22,14:41:56,1
790,peer_1,2023-08-22,16:29:02,2
791,peer_1,2023-08-22,17:03:04,1
792,peer_9,2023-08-22,17:24:29,2
793,peer_9,2023-08-22,17:42:33,1
794,peer_12,2023-08-22,18:05:57,2
795,peer_12,2023-08-22,18:38:06,1
796,peer_6,2023-08-22,21:14:37,2
797,peer_8,2023-08-22,21:23:31,2
798,peer_11,2023-08-22,21:35:08,2
799,peer_7,2023-08-22,21:52:00,2
800,peer_12,2023-08-22,22:02:56,2
801,peer_9,2023-08-22,22:04:42,2
802,peer_1,2023-08-22,22:08:35,2
803,peer_10,2023-08-23,09:57:41,1
804,peer_11,2023-08-23,10:23:36,1
805,peer_3,2023-08-23,10:47:09,1
806,peer_4,2023-08-23,10:55:33,1
807,peer_8,2023-08-23,11:06:32,1
808,peer_1,2023-08-23,11:27:46,1
809,peer_12,2023-08-23,11:43:13,1
810,peer_6,2023-08-23,11:48:50,1
811,peer_2,2023-08-23,12:41:04,1
812,peer_9,2023-08-23,14:07:23,1
813,peer_7,2023-08-23,14:18:26,1
814,peer_3,2023-08-23,14:32:14,2
815,peer_3,2023-08-23,15:06:21,1
816,peer_12,2023-08-23,15:12:28,2
817,peer_12,2023-08-23,15:34:37,1
818,peer_11,2023-08-23,15:54:22,2
819,peer_10,2023-08-23,16:04:24,2
820,peer_8,2023-08-23,16:10:31,2
821,peer_8,2023-08-23,16:18:40,1
822,peer_11,2023-08-23,16:20:08,1
823,peer_10,2023-08-23,16:29:49,1
824,peer_4,2023-08-23,16:32:53,2
825,peer_4,2023-08-23,16:39:07,1
826,peer_6,2023-08-23,16:49:33,2
827,peer_6,2023-08-23,17:02:25,1
828,peer_2,2023-08-23,17:20:02,2
829,peer_9,2023-08-23,17:40:00,2
830,peer_7,2023-08-23,17:50:26,2
831,peer_2,2023-08-23,17:51:22,1
832,peer_7,2023-08-23,17:58:46,1
833,peer_9,2023-08-23,18:13:40,1
834,peer_3,2023-08-23,18:55:22,2
835,peer_12,2023-08-23,19:00:15,2
836,peer_3,2023-08-23,19:22:10,1
837,peer_12,2023-08-23,19:23:22,1
838,peer_8,2023-08-23,21:21:04,2
839,peer_1,2023-08-23,21:30:02,2
840,peer_7,2023-08-23,21:37:29,2
841,peer_9,2023-08-23,21:48:51,2
842,peer_11,2023-08-23,21:50:27,2
843,peer_6,2023-08-23,22:03:56,2
844,peer_4,2023-08-23,22:09:09,2
845,peer_2,2023-08-23,22:22:38,2
846,peer_10,2023-08-23,22:31:33,2
847,peer_12,2023-08-23,22:50:57,2
848,peer_3,2023-08-23,23:02:12,2
849,peer_11,2023-08-24,08:52:43,1
850,peer_4,2023-08-24,09:07:47,1
851,peer_1,2023-08-24,09:49:55,1
852,peer_12,2023-08-24,10:19:16,1
853,peer_10,2023-08-24,11:09:24,1
854,peer_6,2023-08-24,11:28:10,1
855,peer_4,2023-08-24,13:12:43,2
856,peer_8,2023-08-24,13:18:23,1
857,peer_5,2023-08-24,13:23:21,1
858,peer_4,2023-08-24,13:39:22,1
859,peer_12,2023-08-24,14:08:12,2
860,peer_3,2023-08-24,14:13:06,1
861,peer_12,2023-08-24,14:24:37,1
862,peer_11,2023-08-24,15:32:05,2
863,peer_11,2023-08-24,15:59:28,1
864,peer_10,2023-08-24,16:18:37,2
865,peer_10,2023-08-24,16:30:40,1
866,peer_6,2023-08-24,16:37:57,2
867,peer_6,2023-08-24,16:49:48,1
868,peer_4,2023-08-24,17:43:06,2
869,peer_3,2023-08-24,17:48:17,2
870,peer_3,2023-08-24,17:54:43,1
871,peer_12,2023-08-24,18:10:48,2
872,peer_4,2023-08-24,18:17:49,1
873,peer_12,2023-08-24,18:43:36,1
874,peer_8,2023-08-24,21:24:05,2
875,peer_5,2023-08-24,21:29:05,2
876,peer_3,2023-08-24,21:30:53,2
877,peer_10,2023-08-24,21:32:08,2
878,peer_1,2023-08-24,21:56:56,2
879,peer_6,2023-08-24,21:59:19,2
880,peer_4,2023-08-24,22:18:47,2
881,peer_12,2023-08-24,22:31:29,2
882,peer_11,2023-08-24,22:36:19,2
883,peer_3,2023-08-25,08:14:43,1
884,peer_12,2023-08-25,08:31:38,1
885,peer_5,2023-08-25,09:31:12,1
886,peer_2,2023-08-25,11:14:33,1
887,peer_6,2023-08-25,12:10:01,1
888,peer_11,2023-08-25,12:32:13,1
889,peer_8,2023-08-25,13:53:10,1
890,peer_1,2023-08-25,14:30:03,1
891,peer_4,2023-08-25,14:42:24,1
892,peer_9,2023-08-25,14:42:51,1
893,peer_7,2023-08-25,14:56:46,1
894,peer_12,2023-08-25,15:10:33,2
895,peer_12,2023-08-25,15:41:47,1
896,peer_2,2023-08-25,16:23:48,2
897,peer_8,2023-08-25,16:39:40,2
898,peer_6,2023-08-25,16:42:14,2
899,peer_6,2023-08-25,16:51:45,1
900,peer_2,2023-08-25,16:53:54,1
901,peer_8,2023-08-25,16:55:55,1
902,peer_1,2023-08-25,16:56:34,2
903,peer_9,2023-08-25,17:07:56,2
904,peer_11,2023-08-25,17:09:45,2
905,peer_1,2023-08-25,17:19:31,1
906,peer_9,2023-08-25,17:19:45,1
907,peer_7,2023-08-25,17:25:08,2
908,peer_11,2023-08-25,17:41:07,1
909,peer_7,2023-08-25,17:51:26,1
910,peer_8,2023-08-25,19:38:15,2
911,peer_9,2023-08-25,19:40:12,2
912,peer_1,2023-08-25,19:47:06,2
913,peer_8,2023-08-25,19:53:19,1
914,peer_1,2023-08-25,19:59:33,1
915,peer_9,2023-08-25,20:00:35,1
916,peer_7,2023-08-25,20:16:41,2
917,peer_7,2023-08-25,20:32:22,1
918,peer_3,2023-08-25,21:20:25,2
919,peer_6,2023-08-25,21:28:51,2
920,peer_5,2023-08-25,21:39:18,2
921,peer_4,2023-08-25,21:46:20,2
922,peer_2,2023-08-25,22:02:52,2
923,peer_12,2023-08-25,22:13:31,2
924,peer_11,2023-08-25,22:17:56,2
925,peer_1,2023-08-25,22:22:38,2
926,peer_9,2023-08-25,22:26:00,2
927,peer_8,2023-08-25,22:34:44,2
928,peer_7,2023-08-25,22:53:18,2
929,peer_10,2023-08-26,08:01:40,1
930,peer_12,2023-08-26,08:18:21,1
931,peer_3,2023-08-26,09:16:18,1
932,peer_4,2023-08-26,09:29:18,1
933,peer_7,2023-08-26,10:11:22,1
934,peer_6,2023-08-26,10:47:36,1
935,peer_2,2023-08-26,11:06:29,1
936,peer_1,2023-08-26,11:38:38,1
937,peer_5,2023-08-26,12:36:10,1
938,peer_12,2023-08-26,12:40:04,2
939,peer_11,2023-08-26,12:44:28,1
940,peer_12,2023-08-26,13:01:17,1
941,peer_9,2023-08-26,13:41:20,1
942,peer_8,2023-08-26,13:46:11,1
943,peer_7,2023-08-26,13:51:57,2
944,peer_7,2023-08-26,14:14:47,1
945,peer_10,2023-08-26,14:33:47,2
946,peer_10,2023-08-26,14:48:11,1
947,peer_1,2023-08-26,15:04:22,2
948,peer_1,2023-08-26,15:33:31,1
949,peer_5,2023-08-26,15:39:51,2
950,peer_5,2023-08-26,15:54:46,1
951,peer_9,2023-08-26,16:23:24,2
952,peer_9,2023-08-26,16:40:37,1
953,peer_12,2023-08-26,17:24:10,2
954,peer_12,2023-08-26,17:36:25,1
955,peer_7,2023-08-26,17:56:47,2
956,peer_7,2023-08-26,18:02:14,1
957,peer_1,2023-08-26,18:54:34,2
958,peer_5,2023-08-26,19:04:24,2
959,peer_1,2023-08-26,19:14:00,1
960,peer_9,2023-08-26,19:25:29,2
961,peer_5,2023-08-26,19:26:11,1
962,peer_9,2023-08-26,19:41:57,1
963,peer_2,2023-08-26,21:10:50,2
964,peer_3,2023-08-26,21:21:42,2
965,peer_10,2023-08-26,21:26:41,2
966,peer_4,2023-08-26,21:35:42,2
967,peer_8,2023-08-26,21:47:00,2
968,peer_7,2023-08-26,21:49:17,2
969,peer_6,2023-08-26,21:53:32,2
970,peer_11,2023-08-26,21:53:55,2
971,peer_12,2023-08-26,22:01:10,2
972,peer_9,2023-08-26,22:24:40,2
973,peer_5,2023-08-26,22:35:46,2
974,peer_1,2023-08-26,22:39:33,2
975,peer_4,2023-08-27,08:29:14,1
976,peer_3,2023-08-27,09:24:53,1
977,peer_8,2023-08-27,10:09:56,1
978,peer_6,2023-08-27,10:19:31,1
979,peer_2,2023-08-27,11:12:03,1
980,peer_10,2023-08-27,12:32:04,1
981,peer_11,2023-08-27,13:36:13,1
982,peer_9,2023-08-27,14:34:09,1
983,peer_1,2023-08-27,14:53:22,1
984,peer_3,2023-08-27,15:26:52,2
985,peer_3,2023-08-27,15:51:28,1
986,peer_11,2023-08-27,16:20:48,2
987,peer_2,2023-08-27,16:21:48,2
988,peer_2,2023-08-27,16:37:31,1
989,peer_11,2023-08-27,16:44:53,1
990,peer_10,2023-08-27,17:09:11,2
991,peer_10,2023-08-27,17:29:12,1
992,peer_9,2023-08-27,18:12:38,2
993,peer_9,2023-08-27,18:24:37,1
994,peer_1,2023-08-27,18:26:06,2
995,peer_1,2023-08-27,18:34:27,1
996,peer_11,2023-08-27,19:25:02,2
997,peer_11,2023-08-27,19:57:53,1
998,peer_8,2023-08-27,21:14:36,2
999,peer_6,2023-08-27,21:20:19,2
1000,peer_4,2023-08-27,21:29:39,2
1001,peer_2,2023-08-27,21:42:24,2
1002,peer_3,2023-08-27,21:53:28,2
1003,peer_9,2023-08-27,21:59:44,2
1004,peer_10,2023-08-27,22:00:57,2
1005,peer_1,2023-08-27,22:13:07,2
1006,peer_11,2023-08-27,22:42:06,2
1007,peer_5,2023-08-28,10:22:33,1
1008,peer_10,2023-08-28,10:30:38,1
1009,peer_9,2023-08-28,10:51:11,1
1010,peer_4,2023-08-28,11:25:05,1
1011,peer_7,2023-08-28,11:42:20,1
1012,peer_6,2023-08-28,12:05:09,1
1013,peer_1,2023-08-28,12:41:39,1
1014,peer_8,2023-08-28,13:29:45,1
1015,peer_2,2023-08-28,13:41:57,1
1016,peer_3,2023-08-28,13:51:25,1
1017,peer_12,2023-08-28,14:25:57,1
1018,peer_4,2023-08-28,14:51:16,2
1019,peer_4,2023-08-28,15:04:08,1
1020,peer_7,2023-08-28,15:05:59,2
1021,peer_7,2023-08-28,15:14:56,1
1022,peer_10,2023-08-28,16:08:46,2
1023,peer_8,2023-08-28,16:12:52,2
1024,peer_8,2023-08-28,16:31:16,1
1025,peer_10,2023-08-28,16:38:44,1
1026,peer_1,2023-08-28,17:14:20,2
1027,peer_1,2023-08-28,17:38:46,1
1028,peer_2,2023-08-28,17:47:39,2
1029,peer_2,2023-08-28,18:00:11,1
1030,peer_3,2023-08-28,18:00:55,2
1031,peer_12,2023-08-28,18:01:01,2
1032,peer_12,2023-08-28,18:11:17,1
1033,peer_3,2023-08-28,18:19:57,1
1034,peer_4,2023-08-28,18:24:55,2
1035,peer_7,2023-08-28,18:41:57,2
1036,peer_4,2023-08-28,18:49:06,1
1037,peer_7,2023-08-28,19:11:41,1
1038,peer_8,2023-08-28,19:12:33,2
1039,peer_8,2023-08-28,19:28:55,1
1040,peer_6,2023-08-28,21:14:21,2
1041,peer_5,2023-08-28,21:23:03,2
1042,peer_12,2023-08-28,21:43:09,2
1043,peer_9,2023-08-28,21:54:46,2
1044,peer_2,2023-08-28,22:05:07,2
1045,peer_10,2023-08-28,22:10:05,2
1046,peer_1,2023-08-28,22:11:00,2
1047,peer_8,2023-08-28,22:11:21,2
1048,peer_4,2023-08-28,22:15:47,2
1049,peer_3,2023-08-28,22:23:49,2
1050,peer_7,2023-08-28,22:33:03,2
1051,peer_1,2023-08-29,09:12:06,1
1052,peer_8,2023-08-29,10:25:37,1
1053,peer_2,2023-08-29,11:07:03,1
1054,peer_6,2023-08-29,11:39:28,1
1055,peer_12,2023-08-29,11:49:58,1
1056,peer_3,2023-08-29,11:53:03,1
1057,peer_7,2023-08-29,13:35:00,1
1058,peer_10,2023-08-29,14:09:23,1
1059,peer_4,2023-08-29,14:34:30,1
1060,peer_1,2023-08-29,15:20:04,2
1061,peer_3,2023-08-29,15:21:42,2
1062,peer_3,2023-08-29,15:35:59,1
1063,peer_1,2023-08-29,15:39:20,1
1064,peer_6,2023-08-29,16:47:25,2
1065,peer_6,2023-08-29,17:02:16,1
1066,peer_3,2023-08-29,19:00:23,2
1067,peer_3,2023-08-29,19:24:04,1
1068,peer_2,2023-08-29,21:13:24,2
1069,peer_10,2023-08-29,21:15:07,2
1070,peer_8,2023-08-29,21:31:09,2
1071,peer_4,2023-08-29,21:40:00,2
1072,peer_1,2023-08-29,21:41:07,2
1073,peer_7,2023-08-29,21:44:04,2
1074,peer_12,2023-08-29,21:58:14,2
1075,peer_6,2023-08-29,22:04:49,2
1076,peer_3,2023-08-29,22:54:02,2
1077,peer_2,2023-08-30,08:11:02,1
1078,peer_3,2023-08-30,08:11:03,1
1079,peer_9,2023-08-30,08:20:30,1
1080,peer_8,2023-08-30,10:10:07,1
1081,peer_5,2023-08-30,10:24:24,1
1082,peer_10,2023-08-30,10:27:53,1
1083,peer_4,2023-08-30,10:41:57,1
1084,peer_11,2023-08-30,10:44:54,1
1085,peer_2,2023-08-30,12:35:24,2
1086,peer_9,2023-08-30,12:42:11,2
1087,peer_7,2023-08-30,12:58:47,1
1088,peer_2,2023-08-30,13:06:17,1
1089,peer_9,2023-08-30,13:15:42,1
1090,peer_1,2023-08-30,13:56:57,1
1091,peer_12,2023-08-30,14:19:29,1
1092,peer_6,2023-08-30,14:52:26,1
1093,peer_8,2023-08-30,15:41:24,2
1094,peer_5,2023-08-30,16:00:07,2
1095,peer_8,2023-08-30,16:13:17,1
1096,peer_5,2023-08-30,16:13:42,1
1097,peer_11,2023-08-30,16:22:31,2
1098,peer_12,2023-08-30,16:41:10,2
1099,peer_11,2023-08-30,16:43:21,1
1100,peer_12,2023-08-30,16:49:24,1
1101,peer_2,2023-08-30,17:27:46,2
1102,peer_9,2023-08-30,17:44:46,2
1103,peer_2,2023-08-30,18:00:15,1
1104,peer_9,2023-08-30,18:06:49,1
1105,peer_6,2023-08-30,18:27:06,2
1106,peer_6,2023-08-30,18:49:16,1
1107,peer_12,2023-08-30,19:09:28,2
1108,peer_12,2023-08-30,19:33:17,1
1109,peer_3,2023-08-30,21:11:49,2
1110,peer_10,2023-08-30,21:35:27,2
1111,peer_8,2023-08-30,21:44:00,2
1112,peer_5,2023-08-30,21:47:41,2
1113,peer_4,2023-08-30,21:49:28,2
1114,peer_7,2023-08-30,22:00:05,2
1115,peer_1,2023-08-30,22:01:19,2
1116,peer_12,2023-08-30,22:01:24,2
1117,peer_11,2023-08-30,22:16:58,2
1118,peer_6,2023-08-30,22:20:33,2
1119,peer_9,2023-08-30,22:27:07,2
1120,peer_2,2023-08-30,22:28:13,2
1121,peer_2,2023-08-31,08:42:05,1
1122,peer_5,2023-08-31,09:23:26,1
1123,peer_10,2023-08-31,09:34:06,1
1124,peer_7,2023-08-31,09:54:50,1
1125,peer_1,2023-08-31,10:17:10,1
1126,peer_4,2023-08-31,10:24:01,1
1127,peer_9,2023-08-31,10:24:33,1
1128,peer_11,2023-08-31,11:04:37,1
1129,peer_8,2023-08-31,11:30:55,1
1130,peer_12,2023-08-31,12:14:42,1
1131,peer_3,2023-08-31,12:32:09,1
1132,peer_2,2023-08-31,13:09:57,2
1133,peer_2,2023-08-31,13:24:59,1
1134,peer_4,2023-08-31,14:09:16,2
1135,peer_4,2023-08-31,14:30:02,1
1136,peer_11,2023-08-31,14:31:27,2
1137,peer_6,2023-08-31,14:33:08,1
1138,peer_11,2023-08-31,14:54:43,1
1139,peer_8,2023-08-31,14:56:43,2
1140,peer_8,2023-08-31,15:09:01,1
1141,peer_1,2023-08-31,15:53:39,2
1142,peer_9,2023-08-31,15:54:55,2
1143,peer_1,2023-08-31,16:08:53,1
1144,peer_9,2023-08-31,16:19:35,1
1145,peer_12,2023-08-31,16:47:51,2
1146,peer_6,2023-08-31,16:58:10,2
1147,peer_12,2023-08-31,16:59:18,1
1148,peer_6,2023-08-31,17:08:45,1
1149,peer_2,2023-08-31,17:54:46,2
1150,peer_4,2023-08-31,18:16:21,2
1151,peer_11,2023-08-31,18:17:58,2
1152,peer_2,2023-08-31,18:20:03,1
1153,peer_4,2023-08-31,18:27:41,1
1154,peer_8,2023-08-31,18:31:20,2
1155,peer_11,2023-08-31,18:42:14,1
1156,peer_8,2023-08-31,18:51:39,1
1157,peer_6,2023-08-31,19:37:04,2
1158,peer_6,2023-08-31,20:10:39,1
1159,peer_5,2023-08-31,21:23:41,2
1160,peer_12,2023-08-31,21:32:10,2
1161,peer_3,2023-08-31,21:33:25,2
1162,peer_10,2023-08-31,21:41:36,2
1163,peer_1,2023-08-31,21:47:53,2
1164,peer_9,2023-08-31,21:50:56,2
1165,peer_7,2023-08-31,21:55:32,2
1166,peer_11,2023-08-31,22:09:20,2
1167,peer_4,2023-08-31,22:13:47,2
1168,peer_8,2023-08-31,22:15:41,2
1169,peer_6,2023-08-31,22:31:34,2
1170,peer_2,2023-08-31,22:40:20,2
1171,peer_8,2023-09-01,08:43:19,1
1172,peer_11,2023-09-01,08:53:23,1
1173,peer_7,2023-09-01,09:27:25,1
1174,peer_9,2023-09-01,11:14:25,1
1175,peer_12,2023-09-01,12:03:08,1
1176,peer_1,2023-09-01,13:01:31,1
1177,peer_10,2023-09-01,13:15:10,1
1178,peer_3,2023-09-01,13:17:20,1
1179,peer_5,2023-09-01,13:50:04,1
1180,peer_9,2023-09-01,14:37:09,2
1181,peer_2,2023-09-01,14:40:09,1
1182,peer_9,2023-09-01,15:08:21,1
1183,peer_8,2023-09-01,15:17:27,2
1184,peer_11,2023-09-01,15:28:26,2
1185,peer_8,2023-09-01,15:48:06,1
1186,peer_11,2023-09-01,15:56:20,1
1187,peer_12,2023-09-01,16:33:55,2
1188,peer_12,2023-09-01,16:47:52,1
1189,peer_2,2023-09-01,17:03:37,2
1190,peer_1,2023-09-01,17:06:18,2
1191,peer_1,2023-09-01,17:13:12,1
1192,peer_2,2023-09-01,17:31:03,1
1193,peer_9,2023-09-01,18:33:19,2
1194,peer_9,2023-09-01,18:50:55,1
1195,peer_2,2023-09-01,19:51:39,2
1196,peer_2,2023-09-01,20:24:19,1
1197,peer_10,2023-09-01,21:15:36,2
1198,peer_12,2023-09-01,21:18:17,2
1199,peer_1,2023-09-01,21:18:23,2
1200,peer_3,2023-09-01,21:22:37,2
1201,peer_7,2023-09-01,21:34:13,2
1202,peer_5,2023-09-01,21:54:27,2
1203,peer_9,2023-09-01,22:16:19,2
1204,peer_8,2023-09-01,22:21:46,2
1205,peer_11,2023-09-01,22:28:53,2
1206,peer_2,2023-09-01,22:45:02,2
1207,peer_1,2023-09-02,08:19:12,1
1208,peer_3,2023-09-02,08:34:53,1
1209,peer_9,2023-09-02,08:59:53,1
1210,peer_6,2023-09-02,09:23:04,1
1211,peer_5,2023-09-02,09:38:02,1
1212,peer_12,2023-09-02,10:31:34,1
1213,peer_7,2023-09-02,10:39:34,1
1214,peer_4,2023-09-02,12:42:38,1
1215,peer_2,2023-09-02,12:49:22,1
1216,peer_11,2023-09-02,13:45:13,1
1217,peer_8,2023-09-02,13:45:46,1
1218,peer_5,2023-09-02,13:46:05,2
1219,peer_5,2023-09-02,14:07:02,1
1220,peer_7,2023-09-02,14:25:09,2
1221,peer_7,2023-09-02,14:36:04,1
1222,peer_3,2023-09-02,15:13:12,2
1223,peer_3,2023-09-02,15:29:13,1
1224,peer_6,2023-09-02,15:30:41,2
1225,peer_2,2023-09-02,15:52:21,2
1226,peer_6,2023-09-02,15:54:11,1
1227,peer_2,2023-09-02,15:57:57,1
1228,peer_12,2023-09-02,16:09:34,2
1229,peer_12,2023-09-02,16:30:44,1
1230,peer_11,2023-09-02,17:52:58,2
1231,peer_8,2023-09-02,17:53:24,2
1232,peer_11,2023-09-02,18:01:18,1
1233,peer_5,2023-09-02,18:12:16,2
1234,peer_7,2023-09-02,18:18:14,2
1235,peer_8,2023-09-02,18:18:31,1
1236,peer_5,2023-09-02,18:23:38,1
1237,peer_7,2023-09-02,18:24:02,1
1238,peer_2,2023-09-02,19:03:28,2
1239,peer_2,2023-09-02,19:26:28,1
1240,peer_1,2023-09-02,21:24:46,2
1241,peer_4,2023-09-02,21:48:36,2
1242,peer_6,2023-09-02,21:54:43,2
1243,peer_9,2023-09-02,22:02:35,2
1244,peer_11,2023-09-02,22:05:51,2
1245,peer_12,2023-09-02,22:06:45,2
1246,peer_7,2023-09-02,22:07:04,2
1247,peer_3,2023-09-02,22:07:17,2
1248,peer_8,2023-09-02,22:18:48,2
1249,peer_5,2023-09-02,22:25:38,2
1250,peer_2,2023-09-02,22:30:51,2
1251,peer_5,2023-09-03,08:18:51,1
1252,peer_4,2023-09-03,08:49:42,1
1253,peer_8,2023-09-03,09:45:18,1
1254,peer_11,2023-09-03,09:59:17,1
1255,peer_6,2023-09-03,11:27:12,1
1256,peer_1,2023-09-03,11:37:24,1
1257,peer_2,2023-09-03,11:43:46,1
1258,peer_3,2023-09-03,11:51:23,1
1259,peer_9,2023-09-03,12:14:49,1
1260,peer_7,2023-09-03,12:42:39,1
1261,peer_10,2023-09-03,12:51:21,1
1262,peer_4,2023-09-03,13:16:44,2
1263,peer_4,2023-09-03,13:38:21,1
1264,peer_12,2023-09-03,13:38:37,1
1265,peer_5,2023-09-03,14:49:30,2
1266,peer_5,2023-09-03,14:55:09,1
1267,peer_2,2023-09-03,15:12:05,2
1268,peer_2,2023-09-03,15:17:18,1
1269,peer_9,2023-09-03,16:45:48,2
1270,peer_3,2023-09-03,16:52:54,2
1271,peer_9,2023-09-03,16:55:17,1
1272,peer_3,2023-09-03,17:10:40,1
1273,peer_12,2023-09-03,17:42:03,2
1274,peer_4,2023-09-03,18:00:54,2
1275,peer_12,2023-09-03,18:06:02,1
1276,peer_4,2023-09-03,18:18:53,1
1277,peer_2,2023-09-03,18:42:43,2
1278,peer_2,2023-09-03,19:15:15,1
1279,peer_5,2023-09-03,21:30:48,2
1280,peer_9,2023-09-03,21:31:06,2
1281,peer_6,2023-09-03,21:35:34,2
1282,peer_8,2023-09-03,21:46:44,2
1283,peer_1,2023-09-03,21:47:22,2
1284,peer_7,2023-09-03,21:47:31,2
1285,peer_10,2023-09-03,21:58:04,2
1286,peer_11,2023-09-03,22:01:20,2
1287,peer_12,2023-09-03,22:14:01,2
1288,peer_3,2023-09-03,22:18:39,2
1289,peer_2,2023-09-03,22:38:51,2
1290,peer_4,2023-09-03,22:44:26,2
1291,peer_6,2023-09-04,08:00:20,1
1292,peer_4,2023-09-04,08:07:24,1
1293,peer_11,2023-09-04,08:48:12,1
1294,peer_1,2023-09-04,11:15:47,1
1295,peer_12,2023-09-04,11:42:21,1
1296,peer_2,2023-09-04,12:33:23,1
1297,peer_8,2023-09-04,12:46:58,1
1298,peer_5,2023-09-04,12:59:07,1
1299,peer_11,2023-09-04,13:15:02,2
1300,peer_3,2023-09-04,13:18:33,1
1301,peer_11,2023-09-04,13:32:43,1
1302,peer_7,2023-09-04,13:56:18,1
1303,peer_9,2023-09-04,14:13:58,1
1304,peer_6,2023-09-04,14:31:20,2
1305,peer_6,2023-09-04,14:43:09,1
1306,peer_4,2023-09-04,14:46:01,2
1307,peer_4,2023-09-04,15:19:28,1
1308,peer_2,2023-09-04,15:41:00,2
1309,peer_2,2023-09-04,16:03:05,1
1310,peer_3,2023-09-04,17:23:16,2
1311,peer_5,2023-09-04,17:35:16,2
1312,peer_3,2023-09-04,17:41:30,1
1313,peer_9,2023-09-04,17:44:15,2
1314,peer_5,2023-09-04,17:58:14,1
1315,peer_11,2023-09-04,18:02:41,2
1316,peer_7,2023-09-04,18:05:34,2
1317,peer_7,2023-09-04,18:11:07,1
1318,peer_9,2023-09-04,18:14:56,1
1319,peer_11,2023-09-04,18:30:11,1
1320,peer_2,2023-09-04,19:06:50,2
1321,peer_2,2023-09-04,19:21:20,1
1322,peer_6,2023-09-04,21:14:30,2
1323,peer_1,2023-09-04,21:25:23,2
1324,peer_9,2023-09-04,21:45:35,2
1325,peer_3,2023-09-04,21:45:52,2
1326,peer_12,2023-09-04,21:49:18,2
1327,peer_8,2023-09-04,21:49:31,2
1328,peer_4,2023-09-04,21:58:50,2
1329,peer_7,2023-09-04,22:16:41,2
1330,peer_5,2023-09-04,22:29:11,2
1331,peer_2,2023-09-04,22:29:39,2
1332,peer_11,2023-09-04,22:57:22,2
1333,peer_2,2023-09-05,08:02:00,1
1334,peer_12,2023-09-05,08:03:18,1
1335,peer_5,2023-09-05,08:17:28,1
1336,peer_4,2023-09-05,08:46:13,1
1337,peer_9,2023-09-05,08:57:17,1
1338,peer_10,2023-09-05,12:18:28,1
1339,peer_2,2023-09-05,12:26:18,2
1340,peer_2,2023-09-05,12:32:08,1
1341,peer_5,2023-09-05,12:46:17,2
1342,peer_1,2023-09-05,13:02:16,1
1343,peer_5,2023-09-05,13:19:41,1
1344,peer_12,2023-09-05,14:43:14,2
1345,peer_12,2023-09-05,15:03:48,1
1346,peer_1,2023-09-05,15:51:57,2
1347,peer_1,2023-09-05,16:02:28,1
1348,peer_10,2023-09-05,16:51:58,2
1349,peer_2,2023-09-05,16:55:09,2
1350,peer_10,2023-09-05,17:00:51,1
1351,peer_2,2023-09-05,17:28:05,1
1352,peer_5,2023-09-05,17:48:41,2
1353,peer_5,2023-09-05,18:00:44,1
1354,peer_1,2023-09-05,18:48:57,2
1355,peer_1,2023-09-05,19:08:55,1
1356,peer_10,2023-09-05,21:38:00,2
1357,peer_12,2023-09-05,21:38:41,2
1358,peer_1,2023-09-05,21:49:14,2
1359,peer_4,2023-09-05,21:50:23,2
1360,peer_2,2023-09-05,21:58:04,2
1361,peer_9,2023-09-05,21:59:49,2
1362,peer_5,2023-09-05,22:23:32,2
1363,peer_2,2023-09-06,10:20:29,1
1364,peer_4,2023-09-06,10:53:50,1
1365,peer_3,2023-09-06,11:15:31,1
1366,peer_8,2023-09-06,11:39:15,1
1367,peer_12,2023-09-06,11:58:20,1
1368,peer_9,2023-09-06,12:01:27,1
1369,peer_5,2023-09-06,12:04:30,1
1370,peer_7,2023-09-06,12:23:59,1
1371,peer_1,2023-09-06,14:00:38,1
1372,peer_10,2023-09-06,14:23:41,1
1373,peer_8,2023-09-06,15:08:05,2
1374,peer_8,2023-09-06,15:13:57,1
1375,peer_1,2023-09-06,16:29:25,2
1376,peer_9,2023-09-06,16:32:16,2
1377,peer_1,2023-09-06,16:50:32,1
1378,peer_9,2023-09-06,16:56:55,1
1379,peer_7,2023-09-06,17:02:42,2
1380,peer_7,2023-09-06,17:24:55,1
1381,peer_10,2023-09-06,17:54:06,2
1382,peer_10,2023-09-06,18:18:18,1
1383,peer_8,2023-09-06,18:34:50,2
1384,peer_8,2023-09-06,18:56:53,1
1385,peer_1,2023-09-06,19:17:16,2
1386,peer_1,2023-09-06,19:50:52,1
1387,peer_5,2023-09-06,21:07:20,2
1388,peer_3,2023-09-06,21:19:50,2
1389,peer_9,2023-09-06,21:27:50,2
1390,peer_2,2023-09-06,21:28:07,2
1391,peer_10,2023-09-06,21:51:38,2
1392,peer_12,2023-09-06,22:00:25,2
1393,peer_4,2023-09-06,22:01:54,2
1394,peer_7,2023-09-06,22:03:22,2
1395,peer_8,2023-09-06,22:17:43,2
1396,peer_1,2023-09-06,22:18:08,2
1397,peer_7,2023-09-07,08:45:46,1
1398,peer_10,2023-09-07,09:25:32,1
1399,peer_5,2023-09-07,09:28:23,1
1400,peer_12,2023-09-07,11:04:14,1
1401,peer_4,2023-09-07,11:06:34,1
1402,peer_2,2023-09-07,11:21:59,1
1403,peer_3,2023-09-07,12:49:26,1
1404,peer_1,2023-09-07,12:53:29,1
1405,peer_8,2023-09-07,13:04:06,1
1406,peer_7,2023-09-07,13:06:46,2
1407,peer_11,2023-09-07,13:10:45,1
1408,peer_7,2023-09-07,13:32:18,1
1409,peer_4,2023-09-07,14:26:51,2
1410,peer_4,2023-09-07,15:00:36,1
1411,peer_12,2023-09-07,16:09:49,2
1412,peer_12,2023-09-07,16:32:26,1
1413,peer_8,2023-09-07,17:10:30,2
1414,peer_11,2023-09-07,17:13:40,2
1415,peer_1,2023-09-07,17:24:33,2
1416,peer_3,2023-09-07,17:26:19,2
1417,peer_8,2023-09-07,17:31:15,1
1418,peer_1,2023-09-07,17:42:07,1
1419,peer_11,2023-09-07,17:44:12,1
1420,peer_3,2023-09-07,17:53:46,1
1421,peer_7,2023-09-07,17:54:58,2
1422,peer_7,2023-09-07,18:09:32,1
1423,peer_4,2023-09-07,18:23:46,2
1424,peer_4,2023-09-07,18:42:50,1
1425,peer_2,2023-09-07,21:23:22,2
1426,peer_10,2023-09-07,21:29:07,2
1427,peer_8,2023-09-07,21:34:38,2
1428,peer_5,2023-09-07,21:36:53,2
1429,peer_12,2023-09-07,21:37:01,2
1430,peer_11,2023-09-07,21:46:57,2
1431,peer_4,2023-09-07,22:07:19,2
1432,peer_1,2023-09-07,22:13:08,2
1433,peer_3,2023-09-07,22:23:58,2
1434,peer_7,2023-09-07,22:37:56,2
1435,peer_8,2023-09-08,09:43:45,1
1436,peer_10,2023-09-08,09:53:16,1
1437,peer_3,2023-09-08,12:00:46,1
1438,peer_9,2023-09-08,12:28:10,1
1439,peer_7,2023-09-08,12:46:44,1
1440,peer_11,2023-09-08,12:51:48,1
1441,peer_2,2023-09-08,12:52:25,1
1442,peer_1,2023-09-08,13:08:27,1
1443,peer_12,2023-09-08,13:19:15,1
1444,peer_4,2023-09-08,13:55:58,1
1445,peer_9,2023-09-08,15:30:16,2
1446,peer_8,2023-09-08,15:49:41,2
1447,peer_9,2023-09-08,16:00:05,1
1448,peer_8,2023-09-08,16:00:08,1
1449,peer_3,2023-09-08,16:39:58,2
1450,peer_3,2023-09-08,17:01:42,1
1451,peer_1,2023-09-08,17:12:29,2
1452,peer_1,2023-09-08,17:25:38,1
1453,peer_7,2023-09-08,17:25:56,2
1454,peer_12,2023-09-08,17:27:22,2
1455,peer_7,2023-09-08,17:31:47,1
1456,peer_12,2023-09-08,17:56:16,1
1457,peer_9,2023-09-08,19:04:47,2
1458,peer_9,2023-09-08,19:39:12,1
1459,peer_1,2023-09-08,21:27:25,2
1460,peer_3,2023-09-08,21:32:19,2
1461,peer_11,2023-09-08,21:54:49,2
1462,peer_10,2023-09-08,21:55:32,2
1463,peer_2,2023-09-08,21:55:41,2
1464,peer_12,2023-09-08,22:02:32,2
1465,peer_4,2023-09-08,22:03:28,2
1466,peer_7,2023-09-08,22:06:31,2
1467,peer_8,2023-09-08,22:08:52,2
1468,peer_9,2023-09-08,22:47:34,2
1469,peer_9,2023-09-09,08:16:34,1
1470,peer_6,2023-09-09,08:23:07,1
1471,peer_8,2023-09-09,08:47:24,1
1472,peer_3,2023-09-09,11:26:48,1
1473,peer_12,2023-09-09,11:29:45,1
1474,peer_2,2023-09-09,13:12:14,1
1475,peer_10,2023-09-09,13:29:15,1
1476,peer_7,2023-09-09,13:36:23,1
1477,peer_1,2023-09-09,13:37:12,1
1478,peer_5,2023-09-09,14:02:15,1
1479,peer_9,2023-09-09,14:48:09,2
1480,peer_3,2023-09-09,14:53:17,2
1481,peer_9,2023-09-09,14:56:14,1
1482,peer_6,2023-09-09,15:00:26,2
1483,peer_3,2023-09-09,15:13:32,1
1484,peer_8,2023-09-09,15:18:26,2
1485,peer_6,2023-09-09,15:22:40,1
1486,peer_8,2023-09-09,15:49:10,1
1487,peer_5,2023-09-09,17:34:14,2
1488,peer_1,2023-09-09,17:41:11,2
1489,peer_7,2023-09-09,17:41:48,2
1490,peer_1,2023-09-09,17:46:17,1
1491,peer_5,2023-09-09,17:51:58,1
1492,peer_7,2023-09-09,17:52:01,1
1493,peer_3,2023-09-09,18:35:48,2
1494,peer_3,2023-09-09,19:09:58,1
1495,peer_2,2023-09-09,21:19:45,2
1496,peer_5,2023-09-09,21:24:05,2
1497,peer_9,2023-09-09,21:29:37,2
1498,peer_12,2023-09-09,21:32:36,2
1499,peer_10,2023-09-09,21:33:31,2
1500,peer_7,2023-09-09,21:52:31,2
1501,peer_1,2023-09-09,21:55:39,2
1502,peer_6,2023-09-09,21:57:49,2
1503,peer_8,2023-09-09,22:23:57,2
1504,peer_3,2023-09-09,22:38:58,2
1505,peer_12,2023-09-10,08:02:39,1
1506,peer_8,2023-09-10,08:23:36,1
1507,peer_4,2023-09-10,08:36:50,1
1508,peer_2,2023-09-10,10:21:03,1
1509,peer_11,2023-09-10,11:46:39,1
1510,peer_10,2023-09-10,12:08:14,1
1511,peer_6,2023-09-10,12:36:32,1
1512,peer_9,2023-09-10,13:51:23,1
1513,peer_1,2023-09-10,14:35:49,1
1514,peer_4,2023-09-10,15:08:58,2
1515,peer_10,2023-09-10,15:16:15,2
1516,peer_10,2023-09-10,15:35:10,1
1517,peer_4,2023-09-10,15:43:27,1
1518,peer_10,2023-09-10,18:43:53,2
1519,peer_10,2023-09-10,19:06:43,1
1520,peer_12,2023-09-10,21:06:49,2
1521,peer_8,2023-09-10,21:25:28,2
1522,peer_2,2023-09-10,21:27:34,2
1523,peer_1,2023-09-10,21:38:29,2
1524,peer_6,2023-09-10,21:43:12,2
1525,peer_11,2023-09-10,21:49:33,2
1526,peer_9,2023-09-10,22:00:00,2
1527,peer_10,2023-09-10,22:07:49,2
1528,peer_4,2023-09-10,22:19:14,2
1529,peer_7,2023-09-11,09:29:37,1
1530,peer_6,2023-09-11,09:53:13,1
1531,peer_12,2023-09-11,10:00:00,1
1532,peer_9,2023-09-11,10:23:00,1
1533,peer_4,2023-09-11,12:19:40,1
1534,peer_9,2023-09-11,14:05:46,2
1535,peer_9,2023-09-11,14:36:47,1
1536,peer_3,2023-09-11,14:45:16,1
1537,peer_5,2023-09-11,14:46:31,1
1538,peer_7,2023-09-11,15:36:09,2
1539,peer_7,2023-09-11,15:48:51,1
1540,peer_4,2023-09-11,16:59:15,2
1541,peer_5,2023-09-11,17:08:24,2
1542,peer_5,2023-09-11,17:19:56,1
1543,peer_4,2023-09-11,17:30:55,1
1544,peer_3,2023-09-11,18:23:37,2
1545,peer_9,2023-09-11,18:26:25,2
1546,peer_9,2023-09-11,18:37:36,1
1547,peer_3,2023-09-11,18:43:40,1
1548,peer_5,2023-09-11,19:48:47,2
1549,peer_5,2023-09-11,20:09:50,1
1550,peer_12,2023-09-11,21:05:49,2
1551,peer_7,2023-09-11,21:55:04,2
1552,peer_6,2023-09-11,21:57:41,2
1553,peer_4,2023-09-11,22:03:59,2
1554,peer_3,2023-09-11,22:16:20,2
1555,peer_9,2023-09-11,22:22:27,2
1556,peer_5,2023-09-11,22:34:01,2
1557,peer_3,2023-09-12,09:05:55,1
1558,peer_5,2023-09-12,11:32:01,1
1559,peer_8,2023-09-12,11:37:32,1
1560,peer_11,2023-09-12,11:58:49,1
1561,peer_2,2023-09-12,12:50:28,1
1562,peer_7,2023-09-12,13:23:07,1
1563,peer_10,2023-09-12,13:23:56,1
1564,peer_1,2023-09-12,14:10:18,1
1565,peer_11,2023-09-12,15:21:18,2
1566,peer_11,2023-09-12,15:34:22,1
1567,peer_7,2023-09-12,17:28:39,2
1568,peer_7,2023-09-12,17:38:38,1
1569,peer_1,2023-09-12,17:47:45,2
1570,peer_1,2023-09-12,18:12:02,1
1571,peer_11,2023-09-12,18:57:31,2
1572,peer_11,2023-09-12,19:02:48,1
1573,peer_3,2023-09-12,21:08:37,2
1574,peer_10,2023-09-12,21:33:18,2
1575,peer_7,2023-09-12,21:39:31,2
1576,peer_5,2023-09-12,21:40:22,2
1577,peer_8,2023-09-12,21:45:25,2
1578,peer_1,2023-09-12,21:47:29,2
1579,peer_2,2023-09-12,21:52:47,2
1580,peer_11,2023-09-12,22:27:35,2
1581,peer_5,2023-09-13,08:15:32,1
1582,peer_10,2023-09-13,08:22:03,1
1583,peer_9,2023-09-13,10:27:13,1
1584,peer_4,2023-09-13,11:28:01,1
1585,peer_3,2023-09-13,11:50:35,1
1586,peer_2,2023-09-13,11:56:21,1
1587,peer_6,2023-09-13,11:56:33,1
1588,peer_8,2023-09-13,13:04:54,1
1589,peer_11,2023-09-13,13:06:13,1
1590,peer_7,2023-09-13,13:10:55,1
1591,peer_1,2023-09-13,14:22:38,1
1592,peer_12,2023-09-13,14:41:16,1
1593,peer_10,2023-09-13,14:57:27,2
1594,peer_10,2023-09-13,15:11:37,1
1595,peer_9,2023-09-13,15:58:37,2
1596,peer_9,2023-09-13,16:12:22,1
1597,peer_3,2023-09-13,16:58:30,2
1598,peer_8,2023-09-13,17:05:41,2
1599,peer_8,2023-09-13,17:16:20,1
1600,peer_3,2023-09-13,17:18:06,1
1601,peer_1,2023-09-13,17:56:14,2
1602,peer_1,2023-09-13,18:08:47,1
1603,peer_7,2023-09-13,21:14:37,2
1604,peer_11,2023-09-13,21:16:12,2
1605,peer_8,2023-09-13,21:16:38,2
1606,peer_5,2023-09-13,21:21:12,2
1607,peer_4,2023-09-13,21:29:01,2
1608,peer_1,2023-09-13,21:41:13,2
1609,peer_12,2023-09-13,21:43:18,2
1610,peer_10,2023-09-13,21:43:53,2
1611,peer_9,2023-09-13,21:47:18,2
1612,peer_6,2023-09-13,22:04:21,2
1613,peer_2,2023-09-13,22:05:00,2
1614,peer_3,2023-09-13,22:24:48,2
1615,peer_1,2023-09-14,08:38:37,1
1616,peer_5,2023-09-14,08:51:03,1
1617,peer_2,2023-09-14,09:37:21,1
1618,peer_10,2023-09-14,09:45:30,1
1619,peer_4,2023-09-14,10:35:19,1
1620,peer_8,2023-09-14,11:06:43,1
1621,peer_7,2023-09-14,12:46:54,1
1622,peer_6,2023-09-14,12:53:38,1
1623,peer_1,2023-09-14,12:59:07,2
1624,peer_12,2023-09-14,13:03:11,1
1625,peer_9,2023-09-14,13:16:29,1
1626,peer_1,2023-09-14,13:17:53,1
1627,peer_3,2023-09-14,14:03:05,1
1628,peer_2,2023-09-14,15:45:27,2
1629,peer_9,2023-09-14,16:05:15,2
1630,peer_8,2023-09-14,16:10:23,2
1631,peer_9,2023-09-14,16:16:39,1
1632,peer_2,2023-09-14,16:16:50,1
1633,peer_8,2023-09-14,16:28:05,1
1634,peer_12,2023-09-14,17:05:38,2
1635,peer_12,2023-09-14,17:34:29,1
1636,peer_1,2023-09-14,17:45:20,2
1637,peer_1,2023-09-14,18:01:01,1
1638,peer_9,2023-09-14,19:03:50,2
1639,peer_9,2023-09-14,19:22:01,1
1640,peer_3,2023-09-14,21:09:45,2
1641,peer_8,2023-09-14,21:32:46,2
1642,peer_4,2023-09-14,21:35:26,2
1643,peer_12,2023-09-14,21:44:06,2
1644,peer_10,2023-09-14,21:50:09,2
1645,peer_6,2023-09-14,21:55:30,2
1646,peer_7,2023-09-14,21:55:44,2
1647,peer_5,2023-09-14,21:56:33,2
1648,peer_9,2023-09-14,22:10:10,2
1649,peer_2,2023-09-14,22:20:32,2
1650,peer_1,2023-09-14,22:21:05,2
1651,peer_7,2023-09-15,10:19:45,1
1652,peer_5,2023-09-15,10:30:00,1
1653,peer_12,2023-09-15,10:39:31,1
1654,peer_6,2023-09-15,11:40:39,1
1655,peer_2,2023-09-15,11:46:16,1
1656,peer_10,2023-09-15,12:56:33,1
1657,peer_4,2023-09-15,13:07:58,1
1658,peer_1,2023-09-15,13:57:15,1
1659,peer_12,2023-09-15,14:19:37,2
1660,peer_3,2023-09-15,14:31:13,1
1661,peer_12,2023-09-15,14:48:27,1
1662,peer_8,2023-09-15,14:58:30,1
1663,peer_7,2023-09-15,15:51:28,2
1664,peer_4,2023-09-15,15:51:42,2
1665,peer_5,2023-09-15,16:05:03,2
1666,peer_7,2023-09-15,16:05:54,1
1667,peer_4,2023-09-15,16:12:36,1
1668,peer_5,2023-09-15,16:26:51,1
1669,peer_8,2023-09-15,17:27:47,2
1670,peer_8,2023-09-15,17:53:13,1
1671,peer_1,2023-09-15,18:02:36,2
1672,peer_3,2023-09-15,18:07:44,2
1673,peer_3,2023-09-15,18:29:40,1
1674,peer_1,2023-09-15,18:35:52,1
1675,peer_12,2023-09-15,18:38:22,2
1676,peer_12,2023-09-15,18:51:37,1
1677,peer_4,2023-09-15,18:56:26,2
1678,peer_4,2023-09-15,19:15:17,1
1679,peer_8,2023-09-15,20:15:24,2
1680,peer_8,2023-09-15,20:22:10,1
1681,peer_7,2023-09-15,21:37:07,2
1682,peer_6,2023-09-15,21:42:21,2
1683,peer_2,2023-09-15,21:54:29,2
1684,peer_4,2023-09-15,22:01:10,2
1685,peer_3,2023-09-15,22:01:23,2
1686,peer_10,2023-09-15,22:02:53,2
1687,peer_5,2023-09-15,22:05:36,2
1688,peer_12,2023-09-15,22:34:34,2
1689,peer_8,2023-09-15,22:43:59,2
1690,peer_1,2023-09-15,22:44:12,2
1691,peer_9,2023-09-16,08:32:44,1
1692,peer_11,2023-09-16,09:57:39,1
1693,peer_8,2023-09-16,10:09:31,1
1694,peer_12,2023-09-16,11:20:18,1
1695,peer_3,2023-09-16,11:20:58,1
1696,peer_10,2023-09-16,12:12:13,1
1697,peer_6,2023-09-16,12:14:10,1
1698,peer_1,2023-09-16,14:09:55,1
1699,peer_5,2023-09-16,14:37:22,1
1700,peer_7,2023-09-16,14:54:45,1
1701,peer_9,2023-09-16,15:03:52,2
1702,peer_9,2023-09-16,15:09:17,1
1703,peer_8,2023-09-16,15:42:22,2
1704,peer_11,2023-09-16,16:06:42,2
1705,peer_8,2023-09-16,16:10:04,1
1706,peer_11,2023-09-16,16:24:03,1
1707,peer_12,2023-09-16,16:27:32,2
1708,peer_1,2023-09-16,16:35:26,2
1709,peer_1,2023-09-16,16:43:07,1
1710,peer_6,2023-09-16,16:44:43,2
1711,peer_12,2023-09-16,16:52:10,1
1712,peer_6,2023-09-16,16:57:50,1
1713,peer_7,2023-09-16,17:21:11,2
1714,peer_7,2023-09-16,17:54:17,1
1715,peer_5,2023-09-16,18:10:19,2
1716,peer_5,2023-09-16,18:31:03,1
1717,peer_1,2023-09-16,19:03:23,2
1718,peer_1,2023-09-16,19:11:44,1
1719,peer_7,2023-09-16,20:17:31,2
1720,peer_7,2023-09-16,20:33:53,1
1721,peer_10,2023-09-16,21:17:20,2
1722,peer_3,2023-09-16,21:25:16,2
1723,peer_6,2023-09-16,21:31:37,2
1724,peer_1,2023-09-16,21:40:49,2
1725,peer_8,2023-09-16,21:43:49,2
1726,peer_9,2023-09-16,21:44:58,2
1727,peer_12,2023-09-16,21:55:13,2
1728,peer_5,2023-09-16,22:08:01,2
1729,peer_11,2023-09-16,22:31:01,2
1730,peer_7,2023-09-16,22:58:11,2
1731,peer_2,2023-09-17,09:26:17,1
1732,peer_10,2023-09-17,09:29:04,1
1733,peer_8,2023-09-17,09:42:15,1
1734,peer_3,2023-09-17,09:58:44,1
1735,peer_9,2023-09-17,10:23:24,1
1736,peer_6,2023-09-17,11:25:32,1
1737,peer_5,2023-09-17,11:34:48,1
1738,peer_1,2023-09-17,14:42:02,1
1739,peer_9,2023-09-17,15:57:09,2
1740,peer_3,2023-09-17,16:03:56,2
1741,peer_9,2023-09-17,16:15:30,1
1742,peer_3,2023-09-17,16:20:05,1
1743,peer_1,2023-09-17,17:09:56,2
1744,peer_1,2023-09-17,17:40:46,1
1745,peer_1,2023-09-17,20:01:36,2
1746,peer_1,2023-09-17,20:14:49,1
1747,peer_2,2023-09-17,21:32:02,2
1748,peer_10,2023-09-17,21:32:28,2
1749,peer_6,2023-09-17,21:35:23,2
1750,peer_5,2023-09-17,21:36:51,2
1751,peer_9,2023-09-17,21:46:56,2
1752,peer_8,2023-09-17,21:51:21,2
1753,peer_3,2023-09-17,22:23:22,2
1754,peer_1,2023-09-17,22:42:43,2
1755,peer_11,2023-09-18,08:30:05,1
1756,peer_7,2023-09-18,09:17:11,1
1757,peer_5,2023-09-18,09:18:34,1
1758,peer_12,2023-09-18,09:57:14,1
1759,peer_8,2023-09-18,10:25:20,1
1760,peer_4,2023-09-18,11:12:53,1
1761,peer_3,2023-09-18,11:47:19,1
1762,peer_10,2023-09-18,12:11:15,1
1763,peer_2,2023-09-18,13:17:04,1
1764,peer_8,2023-09-18,14:06:11,2
1765,peer_8,2023-09-18,14:30:14,1
1766,peer_3,2023-09-18,15:11:32,2
1767,peer_3,2023-09-18,15:32:16,1
1768,peer_4,2023-09-18,16:12:59,2
1769,peer_4,2023-09-18,16:18:00,1
1770,peer_2,2023-09-18,17:18:38,2
1771,peer_2,2023-09-18,17:29:08,1
1772,peer_8,2023-09-18,18:19:51,2
1773,peer_8,2023-09-18,18:26:55,1
1774,peer_3,2023-09-18,19:02:09,2
1775,peer_3,2023-09-18,19:22:43,1
1776,peer_10,2023-09-18,21:19:52,2
1777,peer_5,2023-09-18,21:22:12,2
1778,peer_7,2023-09-18,21:24:55,2
1779,peer_4,2023-09-18,21:27:19,2
1780,peer_11,2023-09-18,21:36:19,2
1781,peer_2,2023-09-18,21:36:40,2
1782,peer_12,2023-09-18,22:01:37,2
1783,peer_8,2023-09-18,22:15:10,2
1784,peer_3,2023-09-18,22:50:49,2
1785,peer_2,2023-09-19,09:08:25,1
1786,peer_5,2023-09-19,09:30:09,1
1787,peer_10,2023-09-19,09:36:15,1
1788,peer_11,2023-09-19,09:37:39,1
1789,peer_4,2023-09-19,10:43:23,1
1790,peer_7,2023-09-19,10:51:40,1
1791,peer_1,2023-09-19,11:38:03,1
1792,peer_3,2023-09-19,12:17:43,1
1793,peer_9,2023-09-19,12:24:10,1
1794,peer_12,2023-09-19,13:00:16,1
1795,peer_4,2023-09-19,14:29:40,2
1796,peer_4,2023-09-19,14:58:36,1
1797,peer_3,2023-09-19,15:24:36,2
1798,peer_11,2023-09-19,15:41:53,2
1799,peer_3,2023-09-19,15:51:17,1
1800,peer_11,2023-09-19,16:10:24,1
1801,peer_9,2023-09-19,17:02:12,2
1802,peer_9,2023-09-19,17:33:40,1
1803,peer_4,2023-09-19,18:42:08,2
1804,peer_3,2023-09-19,18:56:26,2
1805,peer_4,2023-09-19,19:11:57,1
1806,peer_3,2023-09-19,19:15:24,1
1807,peer_12,2023-09-19,21:06:33,2
1808,peer_2,2023-09-19,21:17:34,2
1809,peer_5,2023-09-19,21:32:58,2
1810,peer_10,2023-09-19,21:37:01,2
1811,peer_1,2023-09-19,21:44:45,2
1812,peer_7,2023-09-19,21:58:18,2
1813,peer_9,2023-09-19,22:10:26,2
1814,peer_11,2023-09-19,22:12:00,2
1815,peer_3,2023-09-19,22:24:08,2
1816,peer_4,2023-09-19,22:53:26,2
1817,peer_1,2023-09-20,08:56:37,1
1818,peer_2,2023-09-20,09:18:48,1
1819,peer_3,2023-09-20,10:30:12,1
1820,peer_10,2023-09-20,10:35:58,1
1821,peer_12,2023-09-20,10:52:00,1
1822,peer_5,2023-09-20,11:58:39,1
1823,peer_9,2023-09-20,12:33:10,1
1824,peer_10,2023-09-20,14:18:01,2
1825,peer_7,2023-09-20,14:37:52,1
1826,peer_10,2023-09-20,14:44:00,1
1827,peer_6,2023-09-20,14:53:08,1
1828,peer_2,2023-09-20,15:22:55,2
1829,peer_1,2023-09-20,15:27:25,2
1830,peer_1,2023-09-20,15:34:50,1
1831,peer_9,2023-09-20,15:40:01,2
1832,peer_2,2023-09-20,15:49:25,1
1833,peer_9,2023-09-20,15:56:33,1
1834,peer_3,2023-09-20,16:06:18,2
1835,peer_3,2023-09-20,16:30:09,1
1836,peer_6,2023-09-20,17:21:02,2
1837,peer_6,2023-09-20,17:29:32,1
1838,peer_7,2023-09-20,18:12:17,2
1839,peer_7,2023-09-20,18:18:51,1
1840,peer_10,2023-09-20,18:26:08,2
1841,peer_10,2023-09-20,18:58:30,1
1842,peer_9,2023-09-20,19:04:57,2
1843,peer_9,2023-09-20,19:10:24,1
1844,peer_6,2023-09-20,19:55:47,2
1845,peer_6,2023-09-20,20:28:11,1
1846,peer_12,2023-09-20,21:52:38,2
1847,peer_7,2023-09-20,21:54:13,2
1848,peer_2,2023-09-20,21:54:37,2
1849,peer_3,2023-09-20,22:04:20,2
1850,peer_5,2023-09-20,22:04:46,2
1851,peer_1,2023-09-20,22:12:37,2
1852,peer_9,2023-09-20,22:19:05,2
1853,peer_10,2023-09-20,22:46:30,2
1854,peer_6,2023-09-20,22:54:52,2
1855,peer_12,2023-09-21,08:25:53,1
1856,peer_1,2023-09-21,09:09:02,1
1857,peer_7,2023-09-21,09:54:25,1
1858,peer_2,2023-09-21,10:10:21,1
1859,peer_5,2023-09-21,11:15:56,1
1860,peer_9,2023-09-21,11:53:54,1
1861,peer_10,2023-09-21,12:24:59,1
1862,peer_12,2023-09-21,12:51:17,2
1863,peer_12,2023-09-21,13:05:27,1
1864,peer_2,2023-09-21,13:50:42,2
1865,peer_2,2023-09-21,14:00:17,1
1866,peer_6,2023-09-21,14:12:27,1
1867,peer_8,2023-09-21,14:17:19,1
1868,peer_11,2023-09-21,14:53:49,1
1869,peer_1,2023-09-21,15:13:23,2
1870,peer_1,2023-09-21,15:42:43,1
1871,peer_8,2023-09-21,16:39:25,2
1872,peer_9,2023-09-21,16:55:44,2
1873,peer_8,2023-09-21,16:59:08,1
1874,peer_10,2023-09-21,17:01:21,2
1875,peer_9,2023-09-21,17:15:03,1
1876,peer_12,2023-09-21,17:34:17,2
1877,peer_10,2023-09-21,17:35:05,1
1878,peer_2,2023-09-21,17:41:33,2
1879,peer_6,2023-09-21,17:50:15,2
1880,peer_12,2023-09-21,18:02:54,1
1881,peer_2,2023-09-21,18:03:01,1
1882,peer_6,2023-09-21,18:12:59,1
1883,peer_11,2023-09-21,18:32:05,2
1884,peer_11,2023-09-21,18:39:38,1
1885,peer_8,2023-09-21,19:22:28,2
1886,peer_8,2023-09-21,19:44:27,1
1887,peer_5,2023-09-21,21:19:46,2
1888,peer_1,2023-09-21,21:45:04,2
1889,peer_2,2023-09-21,21:47:07,2
1890,peer_6,2023-09-21,21:50:49,2
1891,peer_7,2023-09-21,22:03:31,2
1892,peer_8,2023-09-21,22:06:25,2
1893,peer_10,2023-09-21,22:11:27,2
1894,peer_11,2023-09-21,22:16:14,2
1895,peer_9,2023-09-21,22:24:22,2
1896,peer_12,2023-09-21,22:24:52,2
1897,peer_6,2023-09-22,08:14:55,1
1898,peer_5,2023-09-22,08:24:06,1
1899,peer_8,2023-09-22,09:30:10,1
1900,peer_7,2023-09-22,09:52:12,1
1901,peer_4,2023-09-22,09:57:34,1
1902,peer_11,2023-09-22,11:23:24,1
1903,peer_9,2023-09-22,13:05:16,1
1904,peer_3,2023-09-22,13:11:00,1
1905,peer_12,2023-09-22,13:48:30,1
1906,peer_2,2023-09-22,13:54:53,1
1907,peer_5,2023-09-22,15:01:17,2
1908,peer_8,2023-09-22,15:32:00,2
1909,peer_5,2023-09-22,15:36:13,1
1910,peer_8,2023-09-22,15:56:28,1
1911,peer_4,2023-09-22,16:04:10,2
1912,peer_4,2023-09-22,16:34:52,1
1913,peer_12,2023-09-22,16:36:31,2
1914,peer_12,2023-09-22,16:42:22,1
1915,peer_9,2023-09-22,17:08:13,2
1916,peer_9,2023-09-22,17:37:01,1
1917,peer_2,2023-09-22,17:57:53,2
1918,peer_2,2023-09-22,18:31:18,1
1919,peer_12,2023-09-22,19:27:11,2
1920,peer_12,2023-09-22,20:00:45,1
1921,peer_3,2023-09-22,21:16:21,2
1922,peer_6,2023-09-22,21:22:48,2
1923,peer_11,2023-09-22,21:25:29,2
1924,peer_9,2023-09-22,21:39:11,2
1925,peer_7,2023-09-22,22:01:49,2
1926,peer_8,2023-09-22,22:02:53,2
1927,peer_5,2023-09-22,22:12:30,2
1928,peer_2,2023-09-22,22:35:11,2
1929,peer_4,2023-09-22,22:36:39,2
1930,peer_12,2023-09-22,22:48:06,2
1931,peer_10,2023-09-23,08:18:56,1
1932,peer_12,2023-09-23,08:38:17,1
1933,peer_2,2023-09-23,09:27:25,1
1934,peer_9,2023-09-23,10:14:43,1
1935,peer_6,2023-09-23,10:34:21,1
1936,peer_5,2023-09-23,12:00:12,1
1937,peer_4,2023-09-23,12:58:47,1
1938,peer_12,2023-09-23,13:07:10,2
1939,peer_12,2023-09-23,13:26:50,1
1940,peer_7,2023-09-23,13:57:45,1
1941,peer_1,2023-09-23,14:01:34,1
1942,peer_11,2023-09-23,14:43:28,1
1943,peer_10,2023-09-23,14:53:04,2
1944,peer_10,2023-09-23,15:13:57,1
1945,peer_9,2023-09-23,15:49:17,2
1946,peer_9,2023-09-23,16:06:10,1
1947,peer_6,2023-09-23,16:11:18,2
1948,peer_6,2023-09-23,16:19:47,1
1949,peer_12,2023-09-23,17:51:40,2
1950,peer_12,2023-09-23,18:02:35,1
1951,peer_5,2023-09-23,21:08:46,2
1952,peer_1,2023-09-23,21:10:51,2
1953,peer_2,2023-09-23,21:37:18,2
1954,peer_9,2023-09-23,21:43:26,2
1955,peer_10,2023-09-23,21:45:51,2
1956,peer_11,2023-09-23,21:50:03,2
1957,peer_6,2023-09-23,21:54:21,2
1958,peer_4,2023-09-23,22:00:04,2
1959,peer_7,2023-09-23,22:02:30,2
1960,peer_12,2023-09-23,22:25:32,2
1961,peer_2,2023-09-24,08:38:54,1
1962,peer_12,2023-09-24,08:47:13,1
1963,peer_4,2023-09-24,09:02:12,1
1964,peer_10,2023-09-24,09:21:57,1
1965,peer_11,2023-09-24,12:33:32,1
1966,peer_1,2023-09-24,13:57:16,1
1967,peer_7,2023-09-24,14:07:55,1
1968,peer_5,2023-09-24,14:34:38,1
1969,peer_3,2023-09-24,14:37:10,1
1970,peer_4,2023-09-24,15:08:11,2
1971,peer_12,2023-09-24,15:20:53,2
1972,peer_10,2023-09-24,15:25:34,2
1973,peer_4,2023-09-24,15:30:16,1
1974,peer_12,2023-09-24,15:51:58,1
1975,peer_10,2023-09-24,15:55:01,1
1976,peer_11,2023-09-24,17:12:21,2
1977,peer_11,2023-09-24,17:21:33,1
1978,peer_7,2023-09-24,17:40:24,2
1979,peer_7,2023-09-24,17:55:20,1
1980,peer_3,2023-09-24,18:07:38,2
1981,peer_3,2023-09-24,18:26:50,1
1982,peer_7,2023-09-24,21:30:21,2
1983,peer_4,2023-09-24,21:39:33,2
1984,peer_5,2023-09-24,21:42:09,2
1985,peer_2,2023-09-24,21:47:37,2
1986,peer_10,2023-09-24,21:59:17,2
1987,peer_3,2023-09-24,22:00:35,2
1988,peer_11,2023-09-24,22:01:16,2
1989,peer_1,2023-09-24,22:06:48,2
1990,peer_12,2023-09-24,22:23:43,2
1991,peer_5,2023-09-25,08:27:31,1
1992,peer_11,2023-09-25,09:28:34,1
1993,peer_1,2023-09-25,09:59:54,1
1994,peer_8,2023-09-25,10:09:13,1
1995,peer_4,2023-09-25,11:19:52,1
1996,peer_2,2023-09-25,11:27:39,1
1997,peer_6,2023-09-25,11:57:03,1
1998,peer_7,2023-09-25,12:45:53,1
1999,peer_12,2023-09-25,13:45:26,1
2000,peer_9,2023-09-25,14:30:48,1
2001,peer_5,2023-09-25,15:02:28,2
2002,peer_5,2023-09-25,15:12:46,1
2003,peer_4,2023-09-25,16:22:44,2
2004,peer_2,2023-09-25,16:31:14,2
2005,peer_12,2023-09-25,16:33:36,2
2006,peer_12,2023-09-25,16:46:20,1
2007,peer_4,2023-09-25,16:47:26,1
2008,peer_2,2023-09-25,17:00:22,1
2009,peer_7,2023-09-25,17:19:48,2
2010,peer_7,2023-09-25,17:31:31,1
2011,peer_9,2023-09-25,18:02:34,2
2012,peer_9,2023-09-25,18:21:46,1
2013,peer_12,2023-09-25,19:28:29,2
2014,peer_12,2023-09-25,19:57:11,1
2015,peer_8,2023-09-25,21:12:34,2
2016,peer_11,2023-09-25,21:32:25,2
2017,peer_5,2023-09-25,21:47:07,2
2018,peer_4,2023-09-25,21:56:00,2
2019,peer_9,2023-09-25,21:59:44,2
2020,peer_2,2023-09-25,22:02:49,2
2021,peer_6,2023-09-25,22:04:02,2
2022,peer_1,2023-09-25,22:06:03,2
2023,peer_7,2023-09-25,22:07:01,2
2024,peer_12,2023-09-25,22:39:04,2
2025,peer_7,2023-09-26,08:10:52,1
2026,peer_9,2023-09-26,08:20:42,1
2027,peer_2,2023-09-26,10:09:30,1
2028,peer_6,2023-09-26,11:46:23,1
2029,peer_10,2023-09-26,12:35:01,1
2030,peer_11,2023-09-26,12:46:48,1
2031,peer_4,2023-09-26,12:58:30,1
2032,peer_12,2023-09-26,13:01:00,1
2033,peer_8,2023-09-26,13:55:22,1
2034,peer_3,2023-09-26,13:57:37,1
2035,peer_5,2023-09-26,14:26:13,1
2036,peer_7,2023-09-26,14:49:11,2
2037,peer_9,2023-09-26,14:58:23,2
2038,peer_7,2023-09-26,15:06:50,1
2039,peer_9,2023-09-26,15:29:34,1
2040,peer_10,2023-09-26,15:41:33,2
2041,peer_10,2023-09-26,16:10:18,1
2042,peer_3,2023-09-26,16:45:26,2
2043,peer_3,2023-09-26,17:00:59,1
2044,peer_11,2023-09-26,17:18:24,2
2045,peer_11,2023-09-26,17:45:45,1
2046,peer_5,2023-09-26,17:59:37,2
2047,peer_5,2023-09-26,18:26:48,1
2048,peer_10,2023-09-26,19:18:21,2
2049,peer_10,2023-09-26,19:29:30,1
2050,peer_3,2023-09-26,19:50:49,2
2051,peer_3,2023-09-26,20:25:40,1
2052,peer_12,2023-09-26,21:09:06,2
2053,peer_2,2023-09-26,21:14:03,2
2054,peer_7,2023-09-26,21:43:56,2
2055,peer_6,2023-09-26,21:47:26,2
2056,peer_5,2023-09-26,22:00:37,2
2057,peer_8,2023-09-26,22:02:11,2
2058,peer_4,2023-09-26,22:03:59,2
2059,peer_9,2023-09-26,22:06:08,2
2060,peer_11,2023-09-26,22:21:17,2
2061,peer_10,2023-09-26,22:31:48,2
2062,peer_3,2023-09-26,23:11:44,2
2063,peer_11,2023-09-27,08:08:28,1
2064,peer_6,2023-09-27,10:43:09,1
2065,peer_10,2023-09-27,10:57:26,1
2066,peer_4,2023-09-27,12:32:37,1
2067,peer_2,2023-09-27,12:39:48,1
2068,peer_7,2023-09-27,13:35:54,1
2069,peer_12,2023-09-27,14:01:43,1
2070,peer_5,2023-09-27,14:12:20,1
2071,peer_6,2023-09-27,14:25:36,2
2072,peer_6,2023-09-27,14:37:30,1
2073,peer_9,2023-09-27,14:54:09,1
2074,peer_10,2023-09-27,16:31:10,2
2075,peer_5,2023-09-27,16:33:09,2
2076,peer_5,2023-09-27,16:43:03,1
2077,peer_10,2023-09-27,17:03:43,1
2078,peer_9,2023-09-27,17:17:20,2
2079,peer_12,2023-09-27,17:37:29,2
2080,peer_12,2023-09-27,17:48:04,1
2081,peer_9,2023-09-27,17:51:18,1
2082,peer_6,2023-09-27,18:22:54,2
2083,peer_6,2023-09-27,18:35:52,1
2084,peer_5,2023-09-27,19:04:53,2
2085,peer_5,2023-09-27,19:24:08,1
2086,peer_9,2023-09-27,20:15:43,2
2087,peer_9,2023-09-27,20:45:34,1
2088,peer_11,2023-09-27,21:15:22,2
2089,peer_12,2023-09-27,21:23:02,2
2090,peer_4,2023-09-27,21:33:40,2
2091,peer_7,2023-09-27,21:41:52,2
2092,peer_5,2023-09-27,21:47:16,2
2093,peer_2,2023-09-27,21:49:17,2
2094,peer_6,2023-09-27,22:24:16,2
2095,peer_10,2023-09-27,22:40:07,2
2096,peer_9,2023-09-27,23:06:44,2
2097,peer_11,2023-09-28,09:21:40,1
2098,peer_7,2023-09-28,10:42:12,1
2099,peer_4,2023-09-28,10:53:37,1
2100,peer_6,2023-09-28,11:26:33,1
2101,peer_9,2023-09-28,11:41:12,1
2102,peer_2,2023-09-28,12:12:35,1
2103,peer_3,2023-09-28,12:42:31,1
2104,peer_8,2023-09-28,13:57:05,1
2105,peer_10,2023-09-28,14:14:51,1
2106,peer_7,2023-09-28,14:31:32,2
2107,peer_1,2023-09-28,14:45:54,1
2108,peer_7,2023-09-28,14:53:52,1
2109,peer_11,2023-09-28,15:24:23,2
2110,peer_11,2023-09-28,15:57:36,1
2111,peer_6,2023-09-28,16:31:16,2
2112,peer_4,2023-09-28,16:31:55,2
2113,peer_9,2023-09-28,16:43:06,2
2114,peer_8,2023-09-28,16:46:46,2
2115,peer_6,2023-09-28,16:53:39,1
2116,peer_4,2023-09-28,16:54:12,1
2117,peer_9,2023-09-28,17:10:02,1
2118,peer_1,2023-09-28,17:12:26,2
2119,peer_8,2023-09-28,17:18:44,1
2120,peer_3,2023-09-28,17:18:48,2
2121,peer_1,2023-09-28,17:26:28,1
2122,peer_3,2023-09-28,17:38:22,1
2123,peer_10,2023-09-28,17:54:36,2
2124,peer_10,2023-09-28,18:11:55,1
2125,peer_7,2023-09-28,18:36:46,2
2126,peer_7,2023-09-28,19:04:46,1
2127,peer_1,2023-09-28,19:46:49,2
2128,peer_8,2023-09-28,20:03:23,2
2129,peer_1,2023-09-28,20:08:58,1
2130,peer_8,2023-09-28,20:13:00,1
2131,peer_2,2023-09-28,21:18:20,2
2132,peer_10,2023-09-28,21:43:36,2
2133,peer_6,2023-09-28,22:01:41,2
2134,peer_11,2023-09-28,22:07:07,2
2135,peer_9,2023-09-28,22:12:36,2
2136,peer_3,2023-09-28,22:15:21,2
2137,peer_4,2023-09-28,22:28:22,2
2138,peer_1,2023-09-28,22:36:54,2
2139,peer_7,2023-09-28,22:51:32,2
2140,peer_8,2023-09-28,22:54:10,2
2141,peer_1,2023-09-29,08:14:15,1
2142,peer_10,2023-09-29,08:49:43,1
2143,peer_3,2023-09-29,09:21:21,1
2144,peer_11,2023-09-29,10:27:45,1
2145,peer_12,2023-09-29,10:53:35,1
2146,peer_9,2023-09-29,12:11:33,1
2147,peer_5,2023-09-29,12:12:18,1
2148,peer_2,2023-09-29,13:31:52,1
2149,peer_4,2023-09-29,13:37:07,1
2150,peer_12,2023-09-29,14:41:14,2
2151,peer_1,2023-09-29,14:49:53,2
2152,peer_12,2023-09-29,14:51:15,1
2153,peer_1,2023-09-29,15:03:22,1
2154,peer_9,2023-09-29,15:15:20,2
2155,peer_9,2023-09-29,15:37:55,1
2156,peer_11,2023-09-29,16:06:09,2
2157,peer_11,2023-09-29,16:14:31,1
2158,peer_4,2023-09-29,16:19:54,2
2159,peer_4,2023-09-29,16:26:20,1
2160,peer_2,2023-09-29,17:38:08,2
2161,peer_2,2023-09-29,17:50:26,1
2162,peer_12,2023-09-29,18:36:13,2
2163,peer_12,2023-09-29,18:42:52,1
2164,peer_9,2023-09-29,18:47:08,2
2165,peer_9,2023-09-29,18:58:40,1
2166,peer_4,2023-09-29,19:14:49,2
2167,peer_4,2023-09-29,19:40:24,1
2168,peer_5,2023-09-29,21:15:47,2
2169,peer_3,2023-09-29,21:27:58,2
2170,peer_1,2023-09-29,21:33:25,2
2171,peer_11,2023-09-29,21:50:36,2
2172,peer_10,2023-09-29,21:55:18,2
2173,peer_2,2023-09-29,21:56:44,2
2174,peer_9,2023-09-29,22:08:03,2
2175,peer_4,2023-09-29,22:28:38,2
2176,peer_12,2023-09-29,22:29:40,2
2177,peer_5,2023-09-30,08:17:37,1
2178,peer_7,2023-09-30,10:37:51,1
2179,peer_9,2023-09-30,10:51:19,1
2180,peer_8,2023-09-30,11:15:30,1
2181,peer_11,2023-09-30,11:30:55,1
2182,peer_6,2023-09-30,11:43:25,1
2183,peer_5,2023-09-30,12:42:06,2
2184,peer_5,2023-09-30,12:57:36,1
2185,peer_3,2023-09-30,13:02:01,1
2186,peer_10,2023-09-30,14:50:02,1
2187,peer_11,2023-09-30,16:36:52,2
2188,peer_11,2023-09-30,16:43:51,1
2189,peer_10,2023-09-30,17:16:16,2
2190,peer_5,2023-09-30,17:18:12,2
2191,peer_10,2023-09-30,17:26:36,1
2192,peer_5,2023-09-30,17:30:37,1
2193,peer_10,2023-09-30,19:46:55,2
2194,peer_10,2023-09-30,20:06:27,1
2195,peer_3,2023-09-30,21:11:15,2
2196,peer_8,2023-09-30,21:22:15,2
2197,peer_11,2023-09-30,21:44:21,2
2198,peer_7,2023-09-30,21:45:08,2
2199,peer_6,2023-09-30,21:52:28,2
2200,peer_9,2023-09-30,21:55:23,2
2201,peer_5,2023-09-30,21:58:09,2
2202,peer_10,2023-09-30,22:35:51,2
